InvoiceNo,StockCode,Description,Quantity,InvoiceDate,UnitPrice,CustomerID,Country
555200,71459,HANGING JAM JAR T-LIGHT HOLDER,24,6/1/2011 12:05,0.85,17315.0,United Kingdom
554974,21128,GOLD FISHING GNOME,4,5/27/2011 17:14,6.95,14031.0,United Kingdom
550972,21086,SET/6 RED SPOTTY PAPER CUPS,4,4/21/2011 17:05,0.65,14031.0,United Kingdom
576652,22812,PACK 3 BOXES CHRISTMAS PANETTONE,3,11/16/2011 10:39,1.95,17198.0,United Kingdom
546157,22180,RETROSPOT LAMP,2,3/10/2011 8:40,9.95,13502.0,United Kingdom
576200,82482,WOODEN PICTURE FRAME WHITE FINISH,2,11/14/2011 12:14,2.95,15572.0,United Kingdom
577076,22614,PACK OF 12 SPACEBOY TISSUES,12,11/17/2011 15:08,0.39,14362.0,United Kingdom
568909,22596,CHRISTMAS STAR WISH LIST CHALKBOARD,12,9/29/2011 13:38,1.25,16818.0,United Kingdom
578072,21109,LARGE CAKE TOWEL CHOCOLATE SPOTS,1,11/22/2011 16:02,6.75,17759.0,United Kingdom
560491,23297,SET 40 HEART SHAPE PETIT FOUR CASES,2,7/19/2011 10:51,1.65,12415.0,Australia
545721,82484,WOOD BLACK BOARD ANT WHITE FINISH,1,3/7/2011 10:52,7.9,15039.0,United Kingdom
573399,21108,FAIRY CAKE FLANNEL ASSORTED COLOUR,18,10/30/2011 15:35,0.79,13949.0,United Kingdom
551954,22799,SWEETHEART WIRE FRUIT BOWL,1,5/5/2011 12:13,8.5,14515.0,United Kingdom
563745,22115,METAL SIGN EMPIRE TEA,12,8/19/2011 9:38,0.79,15159.0,United Kingdom
540418,22161,HEART DECORATION RUSTIC HANGING ,5,1/7/2011 11:04,0.81,,United Kingdom
546237,84508A,CAMOUFLAGE DESIGN TEDDY,6,3/10/2011 12:50,2.55,16625.0,United Kingdom
548005,21499,BLUE POLKADOT WRAP,25,3/29/2011 10:49,0.42,14128.0,United Kingdom
539000,22622,BOX OF VINTAGE ALPHABET BLOCKS,4,12/15/2010 12:27,9.95,13092.0,United Kingdom
545715,82600,NO SINGING METAL SIGN,1,3/7/2011 10:13,4.13,,United Kingdom
C572489,22465,HANGING METAL STAR LANTERN,-5,10/24/2011 13:59,1.65,17119.0,United Kingdom
577820,23169,CLASSIC GLASS COOKIE JAR,18,11/22/2011 9:24,3.75,13408.0,United Kingdom
555091,21936,RED RETROSPOT PICNIC BAG,1,5/31/2011 12:50,2.95,12748.0,United Kingdom
556106,22669,RED BABY BUNTING ,2,6/8/2011 16:54,2.95,14056.0,United Kingdom
537159,22667,RECIPE BOX RETROSPOT ,1,12/5/2010 13:17,2.95,14527.0,United Kingdom
565841,22555,PLASTERS IN TIN STRONGMAN,1,9/7/2011 12:04,3.29,,United Kingdom
536532,20685,DOORMAT RED RETROSPOT,2,12/1/2010 13:24,7.95,12433.0,Norway
572681,23232,WRAP VINTAGE LEAF DESIGN,25,10/25/2011 13:51,0.42,13510.0,United Kingdom
548309,22586,FELTCRAFT HAIRBAND PINK AND BLUE,1,3/30/2011 12:02,0.85,16657.0,United Kingdom
577531,22699,ROSES REGENCY TEACUP AND SAUCER ,7,11/20/2011 13:58,5.79,,United Kingdom
559133,21987,PACK OF 6 SKULL PAPER CUPS,2,7/6/2011 13:13,0.65,17861.0,United Kingdom
566922,23420,PANTRY HOOK TEA STRAINER ,12,9/15/2011 14:58,2.08,16156.0,United Kingdom
545227,21080,SET/20 RED RETROSPOT PAPER NAPKINS ,24,3/1/2011 9:35,0.85,12428.0,Finland
574074,35095A,BLUE VICTORIAN FABRIC OVAL BOX,2,11/2/2011 15:33,0.83,,United Kingdom
569026,23203,JUMBO BAG VINTAGE DOILY ,10,9/30/2011 10:18,2.08,16101.0,United Kingdom
538163,22468,BABUSHKA LIGHTS STRING OF 10,2,12/9/2010 17:27,6.75,17841.0,United Kingdom
572719,23031,DRAWER KNOB CRACKLE GLAZE PINK,12,10/25/2011 15:03,1.65,13871.0,United Kingdom
552828,22046,TEA PARTY  WRAPPING PAPER ,25,5/11/2011 13:23,0.42,13662.0,United Kingdom
575922,23225,CHERUB HEART DECORATION SILVER ,24,11/11/2011 17:10,0.83,15681.0,United Kingdom
C546730,22720,SET OF 3 CAKE TINS PANTRY DESIGN ,-1,3/16/2011 11:39,4.95,18183.0,United Kingdom
560267,71477,COLOUR GLASS. STAR T-LIGHT HOLDER,4,7/17/2011 14:05,3.25,13880.0,United Kingdom
540468,21413,PERIWINKLE T-LIGHT HOLDER,1,1/7/2011 13:55,2.51,,United Kingdom
545701,48116,DOORMAT MULTICOLOUR STRIPE,10,3/6/2011 15:17,6.75,17107.0,United Kingdom
567656,51014A,"FEATHER PEN,HOT PINK",26,9/21/2011 14:40,0.83,14096.0,United Kingdom
575063,35970,ZINC FOLKART SLEIGH BELLS,3,11/8/2011 12:32,1.69,16764.0,United Kingdom
556917,22659,LUNCH BOX I LOVE LONDON,128,6/15/2011 13:37,1.65,12415.0,Australia
561369,22268,DECORATION SITTING BUNNY,2,7/26/2011 16:21,0.63,,United Kingdom
538449,82599,FANNY'S REST STOPMETAL SIGN,2,12/12/2010 12:24,2.1,17085.0,United Kingdom
536531,22726,ALARM CLOCK BAKELIKE GREEN,9,12/1/2010 13:23,3.75,15485.0,United Kingdom
C559030,84857C,PINK MONTE CARLO HANDBAG,-1,7/5/2011 14:51,1.95,16571.0,United Kingdom
540681,82494L,WOODEN FRAME ANTIQUE WHITE ,1,1/10/2011 16:25,7.62,,United Kingdom
562377,23165,LARGE CERAMIC TOP STORAGE JAR,6,8/4/2011 15:04,1.65,14535.0,United Kingdom
568144,21933,PINK VINTAGE PAISLEY PICNIC BAG,10,9/25/2011 11:29,1.65,14005.0,United Kingdom
554016,21916,SET 12 RETRO WHITE CHALK STICKS,6,5/20/2011 13:14,0.42,13243.0,United Kingdom
562717,22784,LANTERN CREAM GAZEBO ,1,8/8/2011 15:42,10.79,,United Kingdom
554959,85099B,JUMBO BAG RED RETROSPOT,2,5/27/2011 15:18,4.13,,United Kingdom
550512,22523,CHILDS GARDEN FORK PINK,2,4/18/2011 16:31,0.85,18069.0,United Kingdom
578844,21317,GLASS SPHERE CANDLE STAND MEDIUM,4,11/25/2011 16:14,10.79,,United Kingdom
572669,22416,SET OF 36 SPACEBOY PAPER DOILIES,1,10/25/2011 13:10,1.45,16549.0,United Kingdom
553504,47590B,PINK HAPPY BIRTHDAY BUNTING,3,5/17/2011 13:26,5.45,13310.0,United Kingdom
565117,84879,ASSORTED COLOUR BIRD ORNAMENT,40,9/1/2011 11:33,1.69,13089.0,United Kingdom
566422,82483,WOOD 2 DRAWER CABINET WHITE FINISH,4,9/12/2011 13:56,6.95,13064.0,United Kingdom
536593,22366,DOORMAT AIRMAIL ,2,12/1/2010 17:15,7.95,16835.0,United Kingdom
578041,84029G,KNITTED UNION FLAG HOT WATER BOTTLE,3,11/22/2011 14:23,4.25,17338.0,United Kingdom
553525,21385,IVORY HANGING DECORATION  HEART,24,5/17/2011 14:50,0.85,16266.0,United Kingdom
548728,22367,CHILDRENS APRON SPACEBOY DESIGN,8,4/4/2011 9:55,1.95,13198.0,United Kingdom
551660,23148,MINIATURE ANTIQUE ROSE HOOK IVORY,12,5/3/2011 12:16,0.83,15271.0,United Kingdom
555383,21731,RED TOADSTOOL LED NIGHT LIGHT,5,6/2/2011 15:13,1.65,12517.0,Germany
578998,21810,CHRISTMAS HANGING STAR WITH BELL,1,11/27/2011 16:05,0.39,15436.0,United Kingdom
579777,21877,HOME SWEET HOME MUG,1,11/30/2011 15:13,3.29,,United Kingdom
557233,22561,WOODEN SCHOOL COLOURING SET,3,6/17/2011 14:44,1.65,15356.0,United Kingdom
555924,85131B,BEADED CRYSTAL HEART GREEN ON STICK,5,6/7/2011 17:12,0.83,,United Kingdom
558232,21927,BLUE/CREAM STRIPE CUSHION COVER ,2,6/27/2011 14:30,1.25,17841.0,United Kingdom
543021,22352,LUNCH BOX WITH CUTLERY RETROSPOT ,6,2/2/2011 14:36,2.55,15421.0,United Kingdom
575070,23427,STOOL HOME SWEET HOME ,2,11/8/2011 12:58,12.5,17841.0,United Kingdom
544322,79000,MOROCCAN TEA GLASS,24,2/17/2011 15:50,0.85,14211.0,United Kingdom
570019,23501,KEY RING BASEBALL BOOT UNION JACK,1,10/7/2011 10:13,1.25,17841.0,United Kingdom
553900,22890,NOVELTY BISCUITS CAKE STAND 3 TIER,4,5/19/2011 17:47,9.95,12353.0,Bahrain
579619,21174,POTTERING IN THE SHED METAL SIGN,12,11/30/2011 12:10,2.08,18241.0,United Kingdom
559200,84375,SET OF 20 KIDS COOKIE CUTTERS,1,7/7/2011 10:36,2.1,13291.0,United Kingdom
540464,84792,ENCHANTED BIRD COATHANGER 5 HOOK,8,1/7/2011 13:17,3.81,14298.0,United Kingdom
548336,15036,ASSORTED COLOURS SILK FAN,600,3/30/2011 14:06,0.65,13082.0,United Kingdom
574257,72818,,-3,11/3/2011 13:46,0.0,,United Kingdom
575051,21623,VINTAGE UNION JACK MEMOBOARD,2,11/8/2011 12:14,9.95,15957.0,United Kingdom
568095,90201B,BLACK ENAMEL FLOWER RING,6,9/23/2011 14:49,2.95,14911.0,EIRE
544646,71038,WHITE HANGING BEADS CANDLE HOLDER,4,2/22/2011 12:06,5.45,17075.0,United Kingdom
580610,85049e,SCANDINAVIAN REDS RIBBONS,2,12/5/2011 11:48,3.29,,United Kingdom
542112,22423,REGENCY CAKESTAND 3 TIER,2,1/25/2011 13:55,12.75,13168.0,United Kingdom
566203,84946,ANTIQUE SILVER T-LIGHT GLASS,12,9/9/2011 14:47,1.25,16362.0,United Kingdom
578290,22670,FRENCH WC SIGN BLUE METAL,12,11/23/2011 14:07,1.25,13644.0,United Kingdom
547202,22652,TRAVEL SEWING KIT,1,3/21/2011 13:38,1.65,17841.0,United Kingdom
550496,84945,MULTI COLOUR SILVER T-LIGHT HOLDER,12,4/18/2011 15:05,1.8,,United Kingdom
540114,84030E,ENGLISH ROSE HOT WATER BOTTLE,8,1/5/2011 9:44,4.25,15498.0,United Kingdom
573909,22913,RED COAT RACK PARIS FASHION,1,11/1/2011 15:26,4.95,17813.0,United Kingdom
576611,23084,RABBIT NIGHT LIGHT,10,11/15/2011 16:29,2.08,17357.0,United Kingdom
538658,84360,TABLE LAMP WHITE SHADE WOOD BASE,2,12/13/2010 15:34,5.95,17969.0,United Kingdom
541181,22502,PICNIC BASKET WICKER SMALL,16,1/14/2011 11:50,4.95,12877.0,United Kingdom
577498,22749,FELTCRAFT PRINCESS CHARLOTTE DOLL,1,11/20/2011 12:22,3.75,15906.0,United Kingdom
549682,22923,FRIDGE MAGNETS LES ENFANTS ASSORTED,12,4/11/2011 13:22,0.85,12596.0,Spain
546396,72349B,SET/6 PURPLE BUTTERFLY T-LIGHTS,4,3/11/2011 14:35,2.1,13226.0,United Kingdom
567959,23205,CHARLOTTE BAG VINTAGE ALPHABET ,20,9/23/2011 9:13,0.85,12516.0,Germany
579093,20963,APPLE BATH SPONGE,50,11/28/2011 10:54,1.25,13081.0,United Kingdom
559051,22622,BOX OF VINTAGE ALPHABET BLOCKS,1,7/5/2011 16:47,24.96,,United Kingdom
563404,20970,PINK FLORAL FELTCRAFT SHOULDER BAG,8,8/16/2011 11:04,3.75,16303.0,United Kingdom
568869,23288,GREEN VINTAGE SPOT BEAKER,8,9/29/2011 12:01,0.85,12957.0,United Kingdom
558096,21851,LILAC DIAMANTE PEN IN GIFT BOX,2,6/26/2011 13:24,4.95,15532.0,United Kingdom
570637,22338,STAR DECORATION PAINTED ZINC ,96,10/11/2011 12:34,0.19,12530.0,Germany
566195,21877,HOME SWEET HOME MUG,12,9/9/2011 13:44,1.25,12433.0,Norway
559542,23266,SET OF 3 WOODEN STOCKING DECORATION,2,7/10/2011 13:32,1.25,17126.0,United Kingdom
565232,22811,SET OF 6 T-LIGHTS CACTI ,2,9/2/2011 9:30,5.79,,United Kingdom
555602,47504K,ENGLISH ROSE GARDEN SECATEURS,12,6/6/2011 11:26,1.95,16235.0,United Kingdom
540154,84968C,SET OF 16 VINTAGE PISTACHIO CUTLERY,4,1/5/2011 11:30,8.47,,United Kingdom
565331,22791,T-LIGHT GLASS FLUTED ANTIQUE,12,9/2/2011 13:59,1.25,16674.0,United Kingdom
540121,22610,PENS ASSORTED FUNNY FACE,36,1/5/2011 10:35,0.21,16145.0,United Kingdom
576837,21945,STRAWBERRIES  DESIGN FLANNEL ,3,11/16/2011 15:16,1.63,,United Kingdom
543172,22197,SMALL POPCORN HOLDER,6,2/4/2011 9:11,1.63,,United Kingdom
555590,21668,RED STRIPE CERAMIC DRAWER KNOB,24,6/6/2011 9:39,1.25,17690.0,United Kingdom
557466,23240,SET OF 4 KNICK KNACK TINS DOILEY ,6,6/20/2011 13:08,4.15,13815.0,Germany
568721,22189,CREAM HEART CARD HOLDER,1,9/28/2011 16:24,8.29,,United Kingdom
544684,22635,CHILDS BREAKFAST SET DOLLY GIRL ,1,2/22/2011 16:32,19.96,,United Kingdom
537469,22112,CHOCOLATE HOT WATER BOTTLE,24,12/7/2010 10:43,4.25,17720.0,United Kingdom
578307,22630,DOLLY GIRL LUNCH BOX,2,11/23/2011 15:53,1.95,17290.0,United Kingdom
550636,37476,CONDIMENT TRAY 4 BOWLS AND 4 SPOONS,1,4/19/2011 15:37,8.29,,United Kingdom
543979,85114A,BLACK ENCHANTED FOREST PLACEMAT,5,2/14/2011 15:43,1.65,14606.0,United Kingdom
580881,23199,JUMBO BAG APPLES,10,12/6/2011 12:19,2.08,16620.0,United Kingdom
549557,22990,COTTON APRON PANTRY DESIGN,3,4/10/2011 12:59,4.95,14450.0,United Kingdom
560576,22295,HEART FILIGREE DOVE LARGE,6,7/19/2011 14:59,1.65,17287.0,United Kingdom
548567,23078,ICE CREAM PEN LIP GLOSS ,24,4/1/2011 10:34,1.25,17965.0,United Kingdom
549250,85144,JARDIN ETCHED GLASS CHEESE DISH,1,4/7/2011 12:10,1.95,14446.0,United Kingdom
552325,23206,LUNCH BAG APPLE DESIGN,10,5/9/2011 9:47,1.65,12490.0,France
546643,85150,LADIES & GENTLEMEN METAL SIGN,6,3/15/2011 13:23,2.55,16214.0,United Kingdom
554842,22568,FELTCRAFT CUSHION OWL,4,5/26/2011 18:17,3.75,14740.0,United Kingdom
561214,21429,RED GINGHAM ROSE JEWELLERY BOX,1,7/25/2011 17:00,4.13,,United Kingdom
547962,21714,CITRONELLA CANDLE GARDEN POT,12,3/28/2011 15:38,1.25,12957.0,United Kingdom
540468,22585,PACK OF 6 BIRDY GIFT TAGS,2,1/7/2011 13:55,2.51,,United Kingdom
579161,23493,VINTAGE DOILY TRAVEL SEWING KIT,5,11/28/2011 13:56,1.95,17379.0,United Kingdom
560567,22081,RIBBON REEL FLORA + FAUNA ,2,7/19/2011 13:57,3.29,,United Kingdom
550438,22844,VINTAGE CREAM DOG FOOD CONTAINER,2,4/18/2011 12:16,8.5,15265.0,United Kingdom
540646,90214W,"LETTER ""W"" BLING KEY RING",1,1/10/2011 14:32,0.85,,United Kingdom
544724,85152,HAND OVER THE CHOCOLATE   SIGN ,24,2/23/2011 10:46,2.1,15605.0,United Kingdom
580505,23350,ROLL WRAP VINTAGE SPOT ,4,12/4/2011 13:32,1.25,15867.0,United Kingdom
580504,23079,TOADSTOOL BEDSIDE LIGHT ,1,12/4/2011 13:32,8.95,17936.0,United Kingdom
578344,22541,MINI JIGSAW LEAP FROG,1,11/24/2011 9:21,0.83,,United Kingdom
562928,84926D,LA PALMIERA TILE COASTER,24,8/10/2011 15:29,0.29,15494.0,United Kingdom
546008,22136,LOVE HEART SOCK HANGER,1,3/8/2011 15:43,3.29,,United Kingdom
559557,23159,SET OF 5 PANCAKE DAY MAGNETS,12,7/11/2011 10:33,2.08,17444.0,Canada
572472,22553,PLASTERS IN TIN SKULLS,12,10/24/2011 13:34,1.65,14139.0,United Kingdom
572509,23203,JUMBO BAG VINTAGE DOILY ,2,10/24/2011 14:25,2.08,17004.0,United Kingdom
C578144,22697,GREEN REGENCY TEACUP AND SAUCER,-3,11/23/2011 11:06,2.95,16201.0,United Kingdom
567805,23333,IVORY WICKER HEART MEDIUM,2,9/22/2011 12:15,1.25,12854.0,United Kingdom
570855,22818,CARD CHRISTMAS VILLAGE,12,10/12/2011 14:56,0.42,17314.0,United Kingdom
573300,23570,TRADITIONAL PICK UP STICKS GAME ,1,10/28/2011 16:10,1.25,16049.0,United Kingdom
558758,21394,RED POLKADOT BEAKER ,1,7/3/2011 12:27,0.39,17939.0,United Kingdom
579777,23376,PACK OF 12 VINTAGE CHRISTMAS TISSUE,2,11/30/2011 15:13,0.83,,United Kingdom
563477,23292,SPACEBOY CHILDRENS CUP,1,8/16/2011 15:39,1.25,17097.0,Spain
537372,22837,HOT WATER BOTTLE BABUSHKA ,2,12/6/2010 12:52,4.65,16919.0,United Kingdom
559923,71477,COLOUR GLASS. STAR T-LIGHT HOLDER,1,7/13/2011 16:07,6.63,,United Kingdom
554956,22555,PLASTERS IN TIN STRONGMAN,3,5/27/2011 15:17,3.29,,United Kingdom
551142,23148,MINIATURE ANTIQUE ROSE HOOK IVORY,4,4/26/2011 13:22,0.83,17613.0,United Kingdom
580134,20668,DISCO BALL CHRISTMAS DECORATION,24,12/1/2011 19:24,0.12,13102.0,United Kingdom
542255,22697,GREEN REGENCY TEACUP AND SAUCER,6,1/26/2011 16:43,5.79,,United Kingdom
576673,22548,adjustment,4,11/16/2011 11:59,0.0,,United Kingdom
575138,21329,DINOSAURS  WRITING SET ,1,11/8/2011 15:24,3.29,,United Kingdom
557123,22998,TRAVEL CARD WALLET KEEP CALM,10,6/16/2011 17:56,0.42,15555.0,United Kingdom
541827,22659,LUNCH BOX I LOVE LONDON,1,1/21/2011 17:05,4.13,,United Kingdom
569202,22775,PURPLE DRAWERKNOB ACRYLIC EDWARDIAN,6,9/30/2011 17:22,2.46,,United Kingdom
547708,82551,LAUNDRY 15C METAL SIGN,288,3/24/2011 18:34,1.7,17450.0,United Kingdom
555633,22328,ROUND SNACK BOXES SET OF 4 FRUITS ,2,6/6/2011 12:22,2.95,14534.0,United Kingdom
545812,85040A,S/4 PINK FLOWER CANDLES IN BOWL,12,3/7/2011 12:26,1.65,14214.0,United Kingdom
550512,84535B,FAIRY CAKES NOTEBOOK A6 SIZE,1,4/18/2011 16:31,0.65,18069.0,United Kingdom
569702,21899,GARAGE KEY FOB,1,10/5/2011 16:09,0.65,14396.0,United Kingdom
580903,22199,FRYING PAN RED RETROSPOT,1,12/6/2011 12:56,1.25,14606.0,United Kingdom
548167,22386,JUMBO BAG PINK POLKADOT,4,3/29/2011 13:45,4.13,,United Kingdom
539466,82613B,"METAL SIGN,CUPCAKE SINGLE HOOK",20,12/19/2010 12:46,0.42,12668.0,Germany
570252,23426,METAL SIGN DROP YOUR PANTS,6,10/10/2011 9:14,2.89,14665.0,United Kingdom
574653,22079,RIBBON REEL HEARTS DESIGN ,10,11/6/2011 11:30,1.65,12619.0,Germany
547921,22771,CLEAR DRAWER KNOB ACRYLIC EDWARDIAN,12,3/28/2011 13:28,1.25,14766.0,United Kingdom
579520,23320,GIANT 50'S CHRISTMAS CRACKER,1,11/29/2011 18:14,2.89,12748.0,United Kingdom
548163,21931,JUMBO STORAGE BAG SUKI,3,3/29/2011 13:43,4.13,,United Kingdom
575303,23192,BUNDLE OF 3 ALPHABET EXERCISE BOOKS,1,11/9/2011 12:34,1.65,12893.0,United Kingdom
540809,21901,"KEY FOB , BACK DOOR ",24,1/11/2011 12:37,0.65,18095.0,United Kingdom
578852,21137,BLACK RECORD COVER FRAME,1,11/27/2011 11:12,3.75,17841.0,United Kingdom
579289,23498,CLASSIC BICYCLE CLIPS ,1,11/29/2011 11:11,1.45,,United Kingdom
580289,23349,ROLL WRAP VINTAGE CHRISTMAS,1,12/2/2011 13:32,1.25,15856.0,United Kingdom
575324,22866,HAND WARMER SCOTTY DOG DESIGN,12,11/9/2011 13:45,2.1,14240.0,United Kingdom
567880,84347,ROTATING SILVER ANGELS T-LIGHT HLDR,6,9/22/2011 14:56,2.55,15398.0,United Kingdom
546388,22384,LUNCH BAG PINK POLKADOT,2,3/11/2011 13:42,4.96,,United Kingdom
547514,21111,"SWISS ROLL TOWEL, CHOCOLATE  SPOTS",6,3/23/2011 14:00,2.95,17486.0,United Kingdom
550542,22286,DECORATION WOBBLY RABBIT METAL ,2,4/19/2011 11:37,3.29,,United Kingdom
556484,22937,BAKING MOULD CHOCOLATE CUPCAKES,6,6/12/2011 13:17,2.55,16938.0,United Kingdom
568531,22915,ASSORTED BOTTLE TOP  MAGNETS ,18,9/27/2011 13:49,0.42,16713.0,United Kingdom
570598,22592,CARDHOLDER HOLLY WREATH METAL,4,10/11/2011 11:55,3.75,14175.0,United Kingdom
C550355,M,Manual,-1,4/18/2011 10:29,222.75,13811.0,Germany
569230,46000M,POLYESTER FILLER PAD 45x45cm,4,10/2/2011 15:07,1.55,16533.0,United Kingdom
542541,22079,RIBBON REEL HEARTS DESIGN ,1,1/28/2011 14:25,3.29,,United Kingdom
542423,22951,60 CAKE CASES DOLLY GIRL DESIGN,48,1/28/2011 9:09,0.55,15057.0,United Kingdom
570404,23343,JUMBO BAG VINTAGE CHRISTMAS ,1,10/10/2011 12:50,2.08,16395.0,United Kingdom
550911,23205,CHARLOTTE BAG VINTAGE ALPHABET ,10,4/21/2011 13:11,0.85,12354.0,Spain
566041,23197,SKETCHBOOK MAGNETIC SHOPPING LIST,12,9/8/2011 13:48,1.45,13814.0,Germany
541129,22619,SET OF 6 SOLDIER SKITTLES,1,1/14/2011 10:14,7.46,,United Kingdom
574475,21544,SKULLS  WATER TRANSFER TATTOOS ,12,11/4/2011 12:18,0.85,14132.0,United Kingdom
550035,22411,JUMBO SHOPPER VINTAGE RED PAISLEY,30,4/14/2011 11:48,2.08,15039.0,United Kingdom
567901,21385,IVORY HANGING DECORATION  HEART,4,9/22/2011 16:28,1.63,,United Kingdom
549257,84725,FREESTYLE CANVAS ART PICTURE,1,4/7/2011 12:29,1.65,14465.0,United Kingdom
556072,47590B,PINK HAPPY BIRTHDAY BUNTING,6,6/8/2011 14:57,5.45,16126.0,United Kingdom
557295,POST,POSTAGE,1,6/19/2011 13:37,18.0,12724.0,France
571937,23174,REGENCY SUGAR BOWL GREEN,4,10/20/2011 9:28,4.15,14911.0,EIRE
564642,22536,MAGIC DRAWING SLATE PURDEY,24,8/26/2011 13:22,0.42,13527.0,United Kingdom
565472,79321,CHILLI LIGHTS,2,9/5/2011 10:15,5.75,16255.0,United Kingdom
542208,21212,PACK OF 72 RETROSPOT CAKE CASES,120,1/26/2011 11:35,0.42,16422.0,United Kingdom
580126,23493,VINTAGE DOILY TRAVEL SEWING KIT,10,12/1/2011 17:20,1.95,12562.0,France
541302,84945,MULTI COLOUR SILVER T-LIGHT HOLDER,12,1/17/2011 14:18,0.85,13769.0,United Kingdom
553490,90014B,GOLD M PEARL  ORBIT NECKLACE,1,5/17/2011 12:44,9.95,13309.0,United Kingdom
540639,22439,6 ROCKET BALLOONS ,24,1/10/2011 12:28,0.65,13107.0,United Kingdom
561894,84731,3 BIRDS CANVAS SCREEN,1,7/31/2011 15:00,0.39,14456.0,United Kingdom
561874,22631,CIRCUS PARADE LUNCH BOX ,1,7/31/2011 12:02,1.95,16255.0,United Kingdom
571035,20725,LUNCH BAG RED RETROSPOT,10,10/13/2011 12:50,1.65,12446.0,RSA
537645,85039a,SET/4 RED MINI ROSE CANDLE IN BOWL,1,12/7/2010 15:34,3.36,,United Kingdom
557012,21469,POLKA DOT RAFFIA FOOD COVER,6,6/16/2011 11:51,3.75,18241.0,United Kingdom
538566,22497,SET OF 2 TINS VINTAGE BATHROOM ,1,12/13/2010 11:21,8.47,,United Kingdom
540550,37444C,PINK BREAKFAST CUP AND SAUCER ,4,1/10/2011 9:11,2.95,12539.0,Spain
570671,22077,6 RIBBONS RUSTIC CHARM,12,10/11/2011 14:51,1.95,16171.0,United Kingdom
541711,21217,RED RETROSPOT ROUND CAKE TINS,12,1/21/2011 11:18,8.95,14646.0,Netherlands
576837,21000,ROSE DU SUD COSMETICS BAG,1,11/16/2011 15:16,3.29,,United Kingdom
556886,21078,SET/20 STRAWBERRY PAPER NAPKINS ,12,6/15/2011 12:34,0.85,12624.0,France
580138,23489,VINTAGE BELLS GARLAND,24,12/2/2011 8:55,2.89,13199.0,United Kingdom
556490,23049,RECYCLED ACAPULCO MAT RED,2,6/12/2011 14:08,8.25,13078.0,United Kingdom
578827,22219,LOVEBIRD HANGING DECORATION WHITE ,1,11/25/2011 14:25,1.63,,United Kingdom
572185,21154,RED RETROSPOT OVEN GLOVE ,8,10/21/2011 10:52,3.29,,United Kingdom
580094,23394,POSTE FRANCE CUSHION COVER,2,12/1/2011 14:50,3.75,15904.0,United Kingdom
568322,23049,RECYCLED ACAPULCO MAT RED,1,9/26/2011 13:41,8.25,15958.0,United Kingdom
561515,23034,DRAWER KNOB CERAMIC BLACK,2,7/27/2011 15:16,3.29,,United Kingdom
569862,23503,PLAYING CARDS KEEP CALM & CARRY ON,1,10/6/2011 14:43,1.25,14518.0,United Kingdom
548490,85066,CREAM SWEETHEART MINI CHEST,4,3/31/2011 13:13,12.75,12909.0,United Kingdom
564755,22646,CERAMIC STRAWBERRY CAKE MONEY BANK,1,8/30/2011 10:31,3.29,,United Kingdom
544695,20728,LUNCH BAG CARS BLUE,10,2/23/2011 9:38,1.65,14276.0,United Kingdom
567300,POST,POSTAGE,3,9/19/2011 12:36,18.0,12724.0,France
544484,21592,RETROSPOT CIGAR BOX MATCHES ,24,2/21/2011 11:10,1.25,15321.0,United Kingdom
553946,22699,ROSES REGENCY TEACUP AND SAUCER ,6,5/20/2011 10:48,2.95,15601.0,United Kingdom
540414,22894,TABLECLOTH RED APPLES DESIGN ,2,1/7/2011 10:32,8.5,12481.0,Germany
541219,84968F,SET OF 16 VINTAGE SKY BLUE CUTLERY,5,1/14/2011 14:06,8.29,,United Kingdom
557514,22077,6 RIBBONS RUSTIC CHARM,3,6/20/2011 16:58,1.65,14667.0,United Kingdom
566482,23403,LETTER HOLDER HOME SWEET HOME,4,9/13/2011 9:43,3.75,16609.0,United Kingdom
555242,84879,ASSORTED COLOUR BIRD ORNAMENT,24,6/1/2011 13:40,1.69,16424.0,United Kingdom
574711,82494L,WOODEN FRAME ANTIQUE WHITE ,6,11/6/2011 14:20,2.95,14517.0,United Kingdom
557762,20726,LUNCH BAG WOODLAND,10,6/22/2011 14:01,1.65,15810.0,United Kingdom
549128,22995,TRAVEL CARD WALLET SUKI,36,4/6/2011 14:25,0.42,16713.0,United Kingdom
569846,22865,HAND WARMER OWL DESIGN,12,10/6/2011 13:42,2.1,13422.0,United Kingdom
540856,22849,BREAD BIN DINER STYLE MINT,4,1/12/2011 10:16,14.95,16655.0,United Kingdom
537852,21874,GIN AND TONIC MUG,12,12/8/2010 15:56,1.25,17340.0,United Kingdom
567656,84969,BOX OF 6 ASSORTED COLOUR TEASPOONS,1,9/21/2011 14:40,8.29,14096.0,United Kingdom
577078,72799E,IVORY PILLAR CANDLE SILVER FLOCK,2,11/17/2011 15:17,3.29,,United Kingdom
553350,21232,STRAWBERRY CERAMIC TRINKET BOX,12,5/16/2011 13:32,1.25,12871.0,United Kingdom
552894,21888,BINGO SET,1,5/12/2011 10:53,3.75,14606.0,United Kingdom
560125,23319,BOX OF 6 MINI 50'S CRACKERS,1,7/15/2011 10:44,2.49,18118.0,United Kingdom
537160,22694,WICKER STAR ,3,12/5/2010 13:18,2.1,14161.0,United Kingdom
552662,84970l,SINGLE HEART ZINC T-LIGHT HOLDER,3,5/10/2011 15:04,2.08,,United Kingdom
549185,22978,PANTRY ROLLING PIN,6,4/7/2011 9:35,3.75,18272.0,United Kingdom
577358,22909,SET OF 20 VINTAGE CHRISTMAS NAPKINS,2,11/18/2011 15:59,1.63,,United Kingdom
542115,21213,PACK OF 72 SKULL CAKE CASES,1,1/25/2011 14:01,2.08,,United Kingdom
579539,22699,ROSES REGENCY TEACUP AND SAUCER ,6,11/30/2011 10:06,2.95,14911.0,EIRE
541830,84598,BOYS ALPHABET IRON ON PATCHES,7,1/21/2011 17:09,0.42,,United Kingdom
567200,21975,PACK OF 60 DINOSAUR CAKE CASES,24,9/19/2011 10:15,0.55,16460.0,United Kingdom
552315,21700,BIG DOUGHNUT FRIDGE MAGNETS,12,5/8/2011 16:10,0.85,12700.0,France
566164,22041,"RECORD FRAME 7"" SINGLE SIZE ",6,9/9/2011 11:56,5.79,,United Kingdom
543909,22858,EASTER TIN KEEPSAKE,6,2/14/2011 12:32,1.45,,United Kingdom
547251,21169,YOU'RE CONFUSING ME METAL SIGN ,12,3/22/2011 9:43,1.69,17865.0,United Kingdom
574022,23084,RABBIT NIGHT LIGHT,48,11/2/2011 12:20,1.79,12594.0,Italy
579399,23245,SET OF 3 REGENCY CAKE TINS,3,11/29/2011 12:09,4.95,13137.0,United Kingdom
539958,85132A,CHARLIE + LOLA BISCUITS TINS,3,12/23/2010 13:26,8.47,,United Kingdom
552108,21931,JUMBO STORAGE BAG SUKI,1,5/6/2011 11:36,2.08,17841.0,United Kingdom
578270,21218,RED SPOTTY BISCUIT TIN,1,11/23/2011 13:39,8.29,14096.0,United Kingdom
540953,84536A,ENGLISH ROSE NOTEBOOK A7 SIZE,2,1/12/2011 13:16,0.42,14587.0,United Kingdom
560895,22697,GREEN REGENCY TEACUP AND SAUCER,6,7/21/2011 17:12,2.95,13089.0,United Kingdom
576832,22630,DOLLY GIRL LUNCH BOX,12,11/16/2011 15:01,1.95,13102.0,United Kingdom
544339,22699,ROSES REGENCY TEACUP AND SAUCER ,6,2/18/2011 9:04,2.95,15228.0,United Kingdom
545105,22899,CHILDREN'S APRON DOLLY GIRL ,12,2/28/2011 11:58,2.1,12598.0,France
C543611,21730,GLASS STAR FROSTED T-LIGHT HOLDER,-1,2/10/2011 14:38,4.95,17850.0,United Kingdom
548522,20754,RETROSPOT RED WASHING UP GLOVES,2,3/31/2011 16:43,4.13,,United Kingdom
577768,22074,6 RIBBONS SHIMMERING PINKS ,1,11/21/2011 15:18,1.25,,United Kingdom
C541863,21231,SWEETHEART CERAMIC TRINKET BOX,-9,1/23/2011 16:08,1.06,13798.0,United Kingdom
563430,22297,HEART IVORY TRELLIS SMALL,24,8/16/2011 11:50,1.25,14918.0,United Kingdom
570488,23183,MOTHER'S KITCHEN SPOON REST ,2,10/10/2011 17:12,7.46,14096.0,United Kingdom
558904,22355,CHARLOTTE BAG SUKI DESIGN,6,7/4/2011 16:18,1.63,,United Kingdom
548808,22622,BOX OF VINTAGE ALPHABET BLOCKS,2,4/4/2011 12:55,11.95,17774.0,United Kingdom
579098,21985,PACK OF 12 HEARTS DESIGN TISSUES ,4,11/28/2011 11:18,0.39,14606.0,United Kingdom
537262,22411,JUMBO SHOPPER VINTAGE RED PAISLEY,10,12/6/2010 11:26,1.95,15039.0,United Kingdom
C545997,22634,CHILDS BREAKFAST SET SPACEBOY ,-1,3/8/2011 14:35,9.95,12679.0,France
571064,20828,GLITTER BUTTERFLY CLIPS,2,10/13/2011 14:48,2.55,17181.0,United Kingdom
552202,47566,PARTY BUNTING,8,5/6/2011 14:51,4.95,12414.0,Austria
538071,22732,3D VINTAGE CHRISTMAS STICKERS ,1,12/9/2010 14:09,2.51,,United Kingdom
559984,23207,LUNCH BAG ALPHABET DESIGN,1,7/14/2011 11:45,1.65,16657.0,United Kingdom
572986,22024,RAINY LADIES BIRTHDAY CARD,12,10/27/2011 10:51,0.42,12681.0,France
546306,35914,PINK CHICK EGG WARMER + EGG CUP,2,3/10/2011 16:16,0.83,,United Kingdom
538208,22110,BIRD HOUSE HOT WATER BOTTLE,1,12/10/2010 11:39,2.55,14037.0,United Kingdom
543801,22358,KINGS CHOICE TEA CADDY ,1,2/13/2011 11:52,2.95,17811.0,United Kingdom
567304,23408,PHOTO FRAME LINEN AND LACE SMALL,3,9/19/2011 13:27,2.08,14704.0,United Kingdom
557324,21326,AGED GLASS SILVER T-LIGHT HOLDER,14,6/20/2011 9:41,1.63,,United Kingdom
568390,21260,FIRST AID TIN,6,9/27/2011 10:08,3.25,17811.0,United Kingdom
558761,82483,WOOD 2 DRAWER CABINET WHITE FINISH,2,7/3/2011 12:52,6.95,15033.0,United Kingdom
554380,85174,S/4 CACTI CANDLES,8,5/24/2011 11:45,4.95,16709.0,United Kingdom
558196,22674,FRENCH TOILET SIGN BLUE METAL,6,6/27/2011 12:38,1.25,16033.0,United Kingdom
551653,22192,BLUE DINER WALL CLOCK,2,5/3/2011 12:03,8.5,13282.0,United Kingdom
536623,22815,CARD PSYCHEDELIC APPLES,24,12/2/2010 10:39,0.42,15601.0,United Kingdom
539333,22507,MEMO BOARD RETROSPOT  DESIGN,4,12/17/2010 9:52,4.95,13627.0,United Kingdom
542420,22348,TEA BAG PLATE RED RETROSPOT,6,1/27/2011 18:05,0.85,17180.0,United Kingdom
552036,22514,CHILDS GARDEN SPADE BLUE,2,5/5/2011 19:16,2.1,12748.0,United Kingdom
541104,84078A,SET/4 WHITE RETRO STORAGE CUBES ,1,1/13/2011 14:29,74.96,,United Kingdom
536876,84945,MULTI COLOUR SILVER T-LIGHT HOLDER,6,12/3/2010 11:36,1.84,,United Kingdom
546486,15058A,BLUE POLKADOT GARDEN PARASOL,1,3/14/2011 11:41,7.95,15039.0,United Kingdom
550631,22626,BLACK KITCHEN SCALES,2,4/19/2011 14:51,8.5,15225.0,United Kingdom
539492,22616,PACK OF 12 LONDON TISSUES ,1,12/20/2010 10:14,0.85,,United Kingdom
579458,21730,GLASS STAR FROSTED T-LIGHT HOLDER,1,11/29/2011 14:38,4.95,16549.0,United Kingdom
575324,23398,HANGING HEART BONHEUR,12,11/9/2011 13:45,0.85,14240.0,United Kingdom
581020,23242,TREASURE TIN BUFFALO BILL ,48,12/7/2011 10:12,1.85,17511.0,United Kingdom
560773,84877B,GREEN ROUND COMPACT MIRROR,2,7/20/2011 16:17,2.46,,United Kingdom
567850,23188,VINTAGE  2 METER FOLDING RULER,12,9/22/2011 13:18,1.65,15067.0,United Kingdom
569202,23247,BISCUIT TIN 50'S CHRISTMAS,1,9/30/2011 17:22,5.79,,United Kingdom
568346,22077,6 RIBBONS RUSTIC CHARM,6,9/26/2011 15:28,3.29,14096.0,United Kingdom
544323,22616,PACK OF 12 LONDON TISSUES ,1,2/17/2011 15:51,0.83,,United Kingdom
570229,22111,SCOTTIE DOG HOT WATER BOTTLE,1,10/9/2011 13:30,4.95,15756.0,United Kingdom
537434,22621,TRADITIONAL KNITTING NANCY,2,12/6/2010 16:57,1.45,,United Kingdom
537852,22197,SMALL POPCORN HOLDER,13,12/8/2010 15:56,0.85,17340.0,United Kingdom
572550,21811,HANGING HEART WITH BELL,7,10/24/2011 17:06,0.83,,United Kingdom
572762,22960,JAM MAKING SET WITH JARS,6,10/26/2011 9:50,4.25,15240.0,United Kingdom
537434,20975,12 PENCILS SMALL TUBE RED RETROSPOT,7,12/6/2010 16:57,1.28,,United Kingdom
541827,90187B,GREEN DROP EARRINGS W BEAD CLUSTER,1,1/21/2011 17:05,3.32,,United Kingdom
576617,22650,CERAMIC PIRATE CHEST MONEY BANK,1,11/15/2011 16:57,3.29,,United Kingdom
542629,22629,SPACEBOY LUNCH BOX ,24,1/31/2011 9:57,1.95,12731.0,France
C549783,22060,LARGE CAKE STAND HANGING HEARTS,-5,4/12/2011 11:50,3.95,16558.0,United Kingdom
547387,21929,JUMBO BAG PINK VINTAGE PAISLEY,10,3/22/2011 16:00,1.95,12539.0,Spain
565431,23196,VINTAGE LEAF MAGNETIC NOTEPAD,5,9/4/2011 13:15,1.45,14965.0,United Kingdom
564093,22770,MIRROR CORNICE,2,8/23/2011 10:29,14.95,14930.0,Channel Islands
574591,23531,WALL ART BIG LOVE ,3,11/6/2011 10:47,6.95,15745.0,United Kingdom
542103,21124,SET/10 BLUE POLKADOT PARTY CANDLES,24,1/25/2011 13:26,1.25,13198.0,United Kingdom
567092,22083,PAPER CHAIN KIT RETROSPOT,6,9/16/2011 12:48,2.95,13196.0,United Kingdom
575059,23333,IVORY WICKER HEART MEDIUM,1,11/8/2011 12:25,1.25,14071.0,United Kingdom
568591,21930,JUMBO STORAGE BAG SKULLS,10,9/28/2011 10:39,2.08,17088.0,United Kingdom
567288,21154,RED RETROSPOT OVEN GLOVE ,2,9/19/2011 11:49,1.25,16906.0,United Kingdom
538349,90030B,RED KUKUI COCONUT SEED NECKLACE,1,12/10/2010 14:59,5.94,,United Kingdom
577038,23266,SET OF 3 WOODEN STOCKING DECORATION,6,11/17/2011 13:30,1.25,14796.0,United Kingdom
581023,20718,RED RETROSPOT SHOPPER BAG,2,12/7/2011 10:35,3.29,,United Kingdom
540093,22117,METAL SIGN HER DINNER IS SERVED ,2,1/4/2011 15:24,2.95,16725.0,United Kingdom
569246,84915,HAND TOWEL PINK FLOWER AND DAISY,1,10/3/2011 9:57,4.13,14096.0,United Kingdom
536531,22727,ALARM CLOCK BAKELIKE RED ,9,12/1/2010 13:23,3.75,15485.0,United Kingdom
571716,22114,HOT WATER BOTTLE TEA AND SYMPATHY,3,10/18/2011 17:05,8.29,,United Kingdom
564489,23255,CHILDRENS CUTLERY CIRCUS PARADE,4,8/25/2011 14:13,4.15,15950.0,United Kingdom
541596,72741,GRAND CHOCOLATECANDLE,9,1/19/2011 16:19,1.45,17602.0,United Kingdom
558774,21944,KITTENS DESIGN FLANNEL,1,7/4/2011 10:17,0.83,,United Kingdom
554094,85169C,EAU DE NIL LOVE BIRD CANDLE,1,5/22/2011 12:49,1.25,15716.0,United Kingdom
564974,22840,ROUND CAKE TIN VINTAGE RED,1,8/31/2011 15:32,15.79,,United Kingdom
578539,22559,SEASIDE FLYING DISC,12,11/24/2011 14:55,1.25,,Unspecified
536876,22251,BIRDHOUSE DECORATION MAGIC GARDEN,1,12/3/2010 11:36,2.51,,United Kingdom
559330,23146,TRIPLE HOOK ANTIQUE IVORY ROSE,4,7/7/2011 15:44,3.29,17696.0,United Kingdom
552658,22778,GLASS CLOCHE SMALL,1,5/10/2011 14:57,3.95,14534.0,United Kingdom
539103,21348,PINK SPOTS CHOCOLATE NESTING BOXES ,24,12/16/2010 10:38,2.55,16985.0,United Kingdom
569037,82482,WOODEN PICTURE FRAME WHITE FINISH,3,9/30/2011 10:45,2.95,13263.0,United Kingdom
543466,22481,BLACK TEA TOWEL CLASSIC DESIGN,12,2/8/2011 14:34,1.25,16713.0,United Kingdom
580115,21932,SCANDINAVIAN PAISLEY PICNIC BAG,1,12/1/2011 16:22,2.46,,United Kingdom
556828,23321,SMALL WHITE HEART OF WICKER,3,6/15/2011 10:39,1.65,17284.0,United Kingdom
543166,22846,BREAD BIN DINER STYLE RED ,1,2/4/2011 8:27,16.95,13488.0,United Kingdom
578065,22468,BABUSHKA LIGHTS STRING OF 10,1,11/22/2011 15:41,13.29,,United Kingdom
550467,85200,BUNNY EGG BOX,2,4/18/2011 13:36,1.25,18009.0,United Kingdom
562454,84510C,SET OF 4 POLKADOT COASTERS,10,8/5/2011 10:31,1.25,15128.0,United Kingdom
566018,21533,RETROSPOT LARGE MILK JUG,2,9/8/2011 12:42,4.95,13137.0,United Kingdom
546753,20969,RED FLORAL FELTCRAFT SHOULDER BAG,2,3/16/2011 13:00,3.75,16383.0,United Kingdom
578065,72760B,VINTAGE CREAM 3 BASKET CAKE STAND,1,11/22/2011 15:41,20.79,,United Kingdom
566572,22558,CLOTHES PEGS RETROSPOT PACK 24 ,12,9/13/2011 12:52,1.65,13488.0,United Kingdom
573336,20983,12 PENCILS TALL TUBE RED RETROSPOT,4,10/30/2011 11:37,0.85,17372.0,United Kingdom
543013,84535B,FAIRY CAKES NOTEBOOK A6 SIZE,1,2/2/2011 13:35,1.46,,United Kingdom
571508,22909,SET OF 20 VINTAGE CHRISTMAS NAPKINS,1,10/17/2011 15:27,1.63,,United Kingdom
572335,22865,HAND WARMER OWL DESIGN,12,10/24/2011 10:27,2.1,14493.0,United Kingdom
553341,22666,RECIPE BOX PANTRY YELLOW DESIGN,6,5/16/2011 12:25,2.95,16293.0,United Kingdom
554098,22178,VICTORIAN GLASS HANGING T-LIGHT,6,5/22/2011 13:01,1.25,14769.0,United Kingdom
562371,22627,MINT KITCHEN SCALES,2,8/4/2011 14:30,8.5,13709.0,United Kingdom
575087,21790,VINTAGE SNAP CARDS,1,11/8/2011 13:57,0.85,16549.0,United Kingdom
573388,23286,BLUE VINTAGE SPOT BEAKER,8,10/30/2011 14:44,0.85,14895.0,United Kingdom
549845,23000,TRAVEL CARD WALLET TRANSPORT,11,4/12/2011 14:22,0.42,16729.0,United Kingdom
572457,20712,JUMBO BAG WOODLAND ANIMALS,10,10/24/2011 12:44,2.08,12594.0,Italy
563229,21135,VICTORIAN  METAL POSTCARD SPRING,1,8/14/2011 15:35,1.69,17988.0,United Kingdom
554157,20728,LUNCH BAG CARS BLUE,2,5/23/2011 11:33,1.65,18283.0,United Kingdom
544434,90214C,"LETTER ""C"" BLING KEY RING",1,2/18/2011 16:12,0.83,,United Kingdom
563557,22558,CLOTHES PEGS RETROSPOT PACK 24 ,12,8/17/2011 13:33,1.65,15786.0,United Kingdom
544599,22974,CHILDRENS DOLLY GIRL MUG,1,2/21/2011 18:15,3.29,,United Kingdom
572553,22123,PING MICROWAVE APRON,1,10/24/2011 17:09,4.13,,United Kingdom
553739,85123A,WHITE HANGING HEART T-LIGHT HOLDER,6,5/19/2011 9:23,2.95,14895.0,United Kingdom
558896,22384,LUNCH BAG PINK POLKADOT,1,7/4/2011 15:55,1.65,,United Kingdom
565665,22646,CERAMIC STRAWBERRY CAKE MONEY BANK,4,9/5/2011 17:44,1.45,15856.0,United Kingdom
554261,21889,WOODEN BOX OF DOMINOES,1,5/23/2011 12:32,1.25,16033.0,United Kingdom
574841,22580,ADVENT CALENDAR GINGHAM SACK,3,11/7/2011 11:42,5.95,14156.0,EIRE
552779,22729,ALARM CLOCK BAKELIKE ORANGE,4,5/11/2011 12:13,3.75,13013.0,United Kingdom
572058,23052,RECYCLED ACAPULCO MAT TURQUOISE,1,10/20/2011 12:43,8.25,18252.0,United Kingdom
580884,22578,WOODEN STAR CHRISTMAS SCANDINAVIAN,6,12/6/2011 12:21,0.29,15907.0,United Kingdom
564837,23323,WHITE WICKER STAR ,1,8/30/2011 12:40,4.13,,United Kingdom
543812,21790,VINTAGE SNAP CARDS,1,2/13/2011 14:40,0.85,17472.0,United Kingdom
580672,22541,MINI JIGSAW LEAP FROG,3,12/5/2011 14:29,0.19,17920.0,United Kingdom
579508,22195,LARGE HEART MEASURING SPOONS,1,11/29/2011 16:33,3.29,,United Kingdom
576213,22578,WOODEN STAR CHRISTMAS SCANDINAVIAN,3,11/14/2011 12:47,0.29,18117.0,United Kingdom
571676,22578,WOODEN STAR CHRISTMAS SCANDINAVIAN,2,10/18/2011 13:29,0.29,16910.0,United Kingdom
557136,21441,BLUE BIRDHOUSE DECORATION,12,6/17/2011 9:23,0.85,14911.0,EIRE
559032,23241,TREASURE TIN GYMKHANA DESIGN,6,7/5/2011 14:53,2.08,17511.0,United Kingdom
546254,22791,T-LIGHT GLASS FLUTED ANTIQUE,12,3/10/2011 14:45,1.25,14727.0,United Kingdom
579559,21899,GARAGE KEY FOB,1,11/30/2011 11:30,0.65,16764.0,United Kingdom
568877,22328,ROUND SNACK BOXES SET OF 4 FRUITS ,10,9/29/2011 12:31,2.95,14680.0,United Kingdom
548740,20914,SET/5 RED RETROSPOT LID GLASS BOWLS,6,4/4/2011 11:34,2.95,13319.0,United Kingdom
565303,22529,MAGIC DRAWING SLATE GO TO THE FAIR ,2,9/2/2011 12:17,0.42,,Unspecified
546896,15056N,EDWARDIAN PARASOL NATURAL,1,3/17/2011 18:24,12.46,,United Kingdom
566171,22169,FAMILY ALBUM WHITE PICTURE FRAME,1,9/9/2011 12:22,8.5,18118.0,United Kingdom
551719,21810,CHRISTMAS HANGING STAR WITH BELL,1,5/3/2011 16:09,2.46,,United Kingdom
577337,23382,BOX OF 6 CHRISTMAS CAKE DECORATIONS,1,11/18/2011 14:51,3.75,15494.0,United Kingdom
564322,22355,CHARLOTTE BAG SUKI DESIGN,100,8/24/2011 13:23,0.72,13694.0,United Kingdom
560078,21116,OWL DOORSTOP,3,7/14/2011 16:12,4.95,16040.0,United Kingdom
579124,23197,SKETCHBOOK MAGNETIC SHOPPING LIST,1,11/28/2011 12:14,1.45,15721.0,United Kingdom
537769,22834,HAND WARMER BABUSHKA DESIGN,1,12/8/2010 12:17,2.1,15021.0,United Kingdom
537434,21723,ALPHABET HEARTS STICKER SHEET,1,12/6/2010 16:57,1.66,,United Kingdom
572858,22086,PAPER CHAIN KIT 50'S CHRISTMAS ,2,10/26/2011 12:36,2.95,13571.0,United Kingdom
555835,21061,PARTY INVITES FOOTBALL,1,6/7/2011 12:34,0.85,14525.0,United Kingdom
572837,23221,REINDEER HEART DECORATION SILVER,12,10/26/2011 12:01,0.83,14754.0,United Kingdom
571508,22492,MINI PAINT SET VINTAGE ,2,10/17/2011 15:27,1.63,,United Kingdom
570187,84508C,BLUE CIRCLES DESIGN TEDDY,1,10/7/2011 15:09,4.96,,United Kingdom
571716,22665,RECIPE BOX BLUE SKETCHBOOK DESIGN,2,10/18/2011 17:05,5.79,,United Kingdom
560285,22348,TEA BAG PLATE RED RETROSPOT,12,7/18/2011 9:21,0.85,14944.0,United Kingdom
561371,21791,VINTAGE HEADS AND TAILS CARD GAME ,1,7/26/2011 16:25,2.46,,United Kingdom
571654,22580,ADVENT CALENDAR GINGHAM SACK,1,10/18/2011 12:17,5.95,18118.0,United Kingdom
555515,23283,DOORMAT VINTAGE LEAVES DESIGN ,5,6/5/2011 10:47,7.95,17690.0,United Kingdom
568701,20719,WOODLAND CHARLOTTE BAG,10,9/28/2011 15:07,0.85,13924.0,United Kingdom
572513,17012B,ORIGAMI JASMINE INCENSE/CANDLE SET,1,10/24/2011 14:36,0.85,16728.0,United Kingdom
565851,23145,ZINC T-LIGHT HOLDER STAR LARGE,12,9/7/2011 13:06,0.95,14911.0,EIRE
574470,23508,MINI PLAYING CARDS DOLLY GIRL ,6,11/4/2011 11:56,0.42,12748.0,United Kingdom
558475,21749,LARGE RED RETROSPOT WINDMILL,2,6/29/2011 15:58,4.13,,United Kingdom
544271,21245,GREEN POLKADOT PLATE ,8,2/17/2011 11:46,1.69,17083.0,United Kingdom
578746,23206,LUNCH BAG APPLE DESIGN,11,11/25/2011 11:36,4.96,,United Kingdom
576099,23392,SPACEBOY ROCKET LOLLY MAKERS,6,11/14/2011 10:28,2.08,13021.0,United Kingdom
546383,21232,STRAWBERRY CERAMIC TRINKET BOX,12,3/11/2011 12:54,1.25,13654.0,United Kingdom
566495,21481,FAWN BLUE HOT WATER BOTTLE,2,9/13/2011 11:14,3.75,15529.0,United Kingdom
544461,22675,FRENCH KITCHEN SIGN BLUE METAL,24,2/20/2011 14:08,1.25,13744.0,United Kingdom
580754,22835,HOT WATER BOTTLE I AM SO POORLY,4,12/6/2011 10:05,12.46,,United Kingdom
567303,23265,SET OF 3 WOODEN TREE DECORATIONS,12,9/19/2011 13:20,1.25,17613.0,United Kingdom
565235,22709,WRAP WEDDING DAY,25,9/2/2011 9:43,0.42,13418.0,United Kingdom
561056,22650,CERAMIC PIRATE CHEST MONEY BANK,12,7/24/2011 13:17,1.45,13477.0,United Kingdom
546538,82580,BATHROOM METAL SIGN,12,3/14/2011 14:51,0.55,16327.0,United Kingdom
576339,84859C,PINK DISCO HANDBAG,1,11/14/2011 15:27,4.13,14096.0,United Kingdom
576840,84032A,CHARLIE+LOLA PINK HOT WATER BOTTLE,3,11/16/2011 15:23,3.29,,United Kingdom
572553,21479,WHITE SKULL HOT WATER BOTTLE ,1,10/24/2011 17:09,8.29,,United Kingdom
551342,20975,12 PENCILS SMALL TUBE RED RETROSPOT,24,4/28/2011 8:34,0.65,16099.0,United Kingdom
540247,85123A,WHITE HANGING HEART T-LIGHT HOLDER,3,1/5/2011 15:56,2.95,15464.0,United Kingdom
547552,20712,JUMBO BAG WOODLAND ANIMALS,2,3/23/2011 15:55,4.13,,United Kingdom
578026,23205,CHARLOTTE BAG VINTAGE ALPHABET ,10,11/22/2011 13:29,0.85,17659.0,United Kingdom
576189,22367,CHILDRENS APRON SPACEBOY DESIGN,2,11/14/2011 11:33,1.95,14684.0,United Kingdom
578354,23569,TRADTIONAL ALPHABET STAMP SET,4,11/24/2011 10:12,4.95,17139.0,United Kingdom
577613,21913,VINTAGE SEASIDE JIGSAW PUZZLES,4,11/21/2011 10:02,3.75,14911.0,EIRE
547397,20711,JUMBO BAG TOYS ,1,3/22/2011 16:55,4.13,,United Kingdom
574741,22197,POPCORN HOLDER,8,11/6/2011 16:13,0.85,15993.0,United Kingdom
559112,22699,ROSES REGENCY TEACUP AND SAUCER ,2,7/6/2011 11:59,2.95,17315.0,United Kingdom
566010,22835,HOT WATER BOTTLE I AM SO POORLY,2,9/8/2011 12:05,4.95,13700.0,United Kingdom
571214,23002,TRAVEL CARD WALLET SKULLS,11,10/14/2011 12:56,0.42,14390.0,United Kingdom
550470,48194,DOORMAT HEARTS,1,4/18/2011 13:49,15.79,,United Kingdom
575628,22119,PEACE WOODEN BLOCK LETTERS,1,11/10/2011 13:31,6.95,12844.0,United Kingdom
552182,22848,BREAD BIN DINER STYLE PINK,1,5/6/2011 13:38,16.95,14180.0,United Kingdom
571318,22139,RETROSPOT TEA SET CERAMIC 11 PC ,24,10/17/2011 10:50,4.95,17404.0,Sweden
559329,22993,SET OF 4 PANTRY JELLY MOULDS,36,7/7/2011 15:41,1.25,15241.0,United Kingdom
576217,23100,SILVER BELLS TABLE DECORATION,1,11/14/2011 12:56,1.25,17081.0,United Kingdom
570333,21169,YOU'RE CONFUSING ME METAL SIGN ,1,10/10/2011 12:19,1.69,18126.0,United Kingdom
537351,21219,SET/4 BADGES BALLOON GIRL,10,12/6/2010 12:23,1.25,16898.0,United Kingdom
560555,20984,12 PENCILS TALL TUBE POSY,2,7/19/2011 13:01,0.29,14178.0,United Kingdom
562282,23232,WRAP VINTAGE LEAF DESIGN,50,8/4/2011 10:38,0.42,13098.0,United Kingdom
573553,85049e,SCANDINAVIAN REDS RIBBONS,1,10/31/2011 13:48,3.29,,United Kingdom
555149,23084,RABBIT NIGHT LIGHT,2,5/31/2011 15:49,4.13,,United Kingdom
536539,82486,WOOD S/3 CABINET ANT WHITE FINISH,2,12/1/2010 14:03,7.95,15165.0,United Kingdom
574336,23389,SPACEBOY MINI BACKPACK,4,11/4/2011 9:52,4.15,12397.0,Belgium
562688,20728,LUNCH BAG CARS BLUE,4,8/8/2011 13:53,1.65,13869.0,United Kingdom
562199,21232,STRAWBERRY CERAMIC TRINKET BOX,2,8/3/2011 12:20,1.25,12748.0,United Kingdom
576329,22679,FRENCH BLUE METAL DOOR SIGN 4,1,11/14/2011 15:22,2.46,,United Kingdom
568137,21731,RED TOADSTOOL LED NIGHT LIGHT,24,9/25/2011 10:34,1.65,12488.0,France
538524,22502,PICNIC BASKET WICKER SMALL,2,12/13/2010 9:35,8.47,,United Kingdom
579512,84536A,ENGLISH ROSE NOTEBOOK A7 SIZE,1,11/29/2011 16:47,0.83,,United Kingdom
577768,22753,SMALL YELLOW BABUSHKA NOTEBOOK ,1,11/21/2011 15:18,1.63,,United Kingdom
575066,23487,SWEET HEART CAKE CARRIER,1,11/8/2011 12:42,9.95,13668.0,United Kingdom
559807,23160,REGENCY TEA SPOON,1,7/12/2011 14:48,1.25,17841.0,United Kingdom
565409,21124,SET/10 BLUE POLKADOT PARTY CANDLES,24,9/4/2011 11:15,1.25,16761.0,United Kingdom
541592,85129D,BEADED CRYSTAL HEART PINK SMALL,2,1/19/2011 15:08,2.46,,United Kingdom
575219,21509,COWBOYS AND INDIANS BIRTHDAY CARD ,72,11/9/2011 11:17,0.36,17511.0,United Kingdom
548470,22139,RETROSPOT TEA SET CERAMIC 11 PC ,12,3/31/2011 12:36,4.95,12782.0,Portugal
569326,22634,CHILDS BREAKFAST SET SPACEBOY ,8,10/3/2011 12:47,8.5,14360.0,United Kingdom
547042,21216,"SET 3 RETROSPOT TEA,COFFEE,SUGAR",1,3/20/2011 11:00,10.79,,United Kingdom
570465,22551,PLASTERS IN TIN SPACEBOY,1,10/10/2011 16:02,3.29,,United Kingdom
569246,84988,SET OF 72 PINK HEART PAPER DOILIES,1,10/3/2011 9:57,2.92,14096.0,United Kingdom
550130,90185C,BLACK DIAMANTE EXPANDABLE RING,6,4/14/2011 13:17,4.25,14390.0,United Kingdom
554507,21206,STRAWBERRY HONEYCOMB  GARLAND ,12,5/24/2011 15:29,1.65,15513.0,United Kingdom
572703,22055,MINI CAKE STAND  HANGING STRAWBERY,1,10/25/2011 14:35,1.65,16110.0,United Kingdom
549844,21899,"KEY FOB , GARAGE DESIGN",7,4/12/2011 14:17,0.65,12854.0,United Kingdom
C562952,23244,ROUND STORAGE TIN VINTAGE LEAF,-2,8/11/2011 10:10,1.95,12749.0,United Kingdom
550123,22029,SPACEBOY BIRTHDAY CARD,12,4/14/2011 12:39,0.42,,United Kingdom
560366,72807A,SET/3 ROSE CANDLE IN JEWELLED BOX,4,7/18/2011 12:19,4.25,16859.0,United Kingdom
537395,21175,GIN + TONIC DIET METAL SIGN,2,12/6/2010 14:05,2.1,15356.0,United Kingdom
541265,85099C,JUMBO  BAG BAROQUE BLACK WHITE,2,1/16/2011 16:23,1.95,17609.0,United Kingdom
566276,22705,WRAP GREEN PEARS ,25,9/11/2011 14:00,0.42,13450.0,United Kingdom
558111,23091,ZINC HERB GARDEN CONTAINER,1,6/26/2011 16:06,6.25,17114.0,United Kingdom
573137,23198,PANTRY MAGNETIC  SHOPPING LIST,1,10/27/2011 17:15,3.29,,United Kingdom
578953,20752,BLUE POLKADOT WASHING UP GLOVES,2,11/27/2011 14:50,2.1,13546.0,United Kingdom
538999,22423,REGENCY CAKESTAND 3 TIER,16,12/15/2010 12:09,10.95,16003.0,United Kingdom
572185,22382,LUNCH BAG SPACEBOY DESIGN ,1,10/21/2011 10:52,4.96,,United Kingdom
566874,22355,CHARLOTTE BAG SUKI DESIGN,2,9/15/2011 13:32,0.85,,United Kingdom
574721,23512,EMBROIDERED RIBBON REEL ROSIE,1,11/6/2011 14:43,2.08,17920.0,United Kingdom
569372,22595,GINGHAM HEART DECORATION,1,10/3/2011 16:04,1.63,,United Kingdom
555106,22539,MINI JIGSAW DOLLY GIRL,24,5/31/2011 14:14,0.42,12790.0,Netherlands
566451,22896,PEG BAG APPLES DESIGN,3,9/12/2011 16:14,2.55,18069.0,United Kingdom
570223,23209,LUNCH BAG VINTAGE DOILY ,2,10/9/2011 13:11,1.65,15787.0,United Kingdom
571065,21213,PACK OF 72 SKULL CAKE CASES,24,10/13/2011 14:59,0.55,12613.0,Germany
552338,22845,VINTAGE CREAM CAT FOOD CONTAINER,2,5/9/2011 11:51,6.35,,United Kingdom
578344,23199,JUMBO BAG APPLES,2,11/24/2011 9:21,4.13,,United Kingdom
554075,21789,KIDS RAIN MAC PINK,24,5/22/2011 11:29,0.85,16038.0,United Kingdom
565397,22937,BAKING MOULD CHOCOLATE CUPCAKES,1,9/2/2011 16:43,2.55,14171.0,United Kingdom
547881,21993,FLORAL FOLK STATIONERY SET,1,3/27/2011 16:08,2.95,13110.0,United Kingdom
548714,22429,ENAMEL MEASURING JUG CREAM,1,4/3/2011 15:07,4.25,17337.0,United Kingdom
561217,22829,SWEETHEART WIRE WALL TIDY,1,7/25/2011 17:09,20.79,,United Kingdom
572061,21989,PACK OF 20 SKULL PAPER NAPKINS,12,10/20/2011 12:53,0.85,12474.0,Germany
571441,21917,SET 12 KIDS  WHITE CHALK STICKS,1,10/17/2011 13:31,0.83,14096.0,United Kingdom
541596,21976,PACK OF 60 MUSHROOM CAKE CASES,1,1/19/2011 16:19,0.55,17602.0,United Kingdom
577078,22659,LUNCH BOX I LOVE LONDON,2,11/17/2011 15:17,4.13,,United Kingdom
580399,48111,DOORMAT 3 SMILEY CATS,1,12/4/2011 11:45,8.25,13471.0,United Kingdom
545085,21390,FILIGRIS HEART WITH BUTTERFLY,24,2/28/2011 11:19,1.25,15039.0,United Kingdom
579187,22960,JAM MAKING SET WITH JARS,2,11/28/2011 15:31,8.29,,United Kingdom
571937,21636,MADRAS NOTEBOOK MEDIUM,12,10/20/2011 9:28,0.75,14911.0,EIRE
539631,21918,SET 12 KIDS COLOUR  CHALK STICKS,1,12/20/2010 15:03,0.85,,United Kingdom
C570775,POST,POSTAGE,-1,10/12/2011 11:45,18.0,12664.0,Finland
546892,21169,YOU'RE CONFUSING ME METAL SIGN ,1,3/17/2011 18:20,4.13,,United Kingdom
540163,16161P,WRAP ENGLISH ROSE ,25,1/5/2011 11:52,0.42,13089.0,United Kingdom
C550181,21239,PINK  POLKADOT CUP,-20,4/14/2011 17:43,0.85,13069.0,United Kingdom
570292,23533,WALL ART GARDEN HAVEN ,3,10/10/2011 11:59,5.95,13418.0,United Kingdom
559338,23176,ABC TREASURE BOOK BOX ,2,7/7/2011 16:30,4.58,,United Kingdom
551868,23231,WRAP DOILEY DESIGN,25,5/4/2011 16:29,0.42,12540.0,Spain
552852,22979,PANTRY WASHING UP BRUSH,6,5/11/2011 15:08,1.45,16712.0,United Kingdom
549293,21463,MIRRORED DISCO BALL ,1,4/7/2011 19:16,5.95,17883.0,United Kingdom
543197,22929,SCHOOL DESK AND CHAIR ,1,2/4/2011 12:36,65.0,12842.0,United Kingdom
580115,22701,PINK DOG BOWL,3,12/1/2011 16:22,2.46,,United Kingdom
569700,21232,STRAWBERRY CERAMIC TRINKET BOX,1,10/5/2011 15:56,2.46,,United Kingdom
544074,22773,GREEN DRAWER KNOB ACRYLIC EDWARDIAN,12,2/15/2011 14:49,1.25,14156.0,EIRE
573585,22355,CHARLOTTE BAG SUKI DESIGN,16,10/31/2011 14:41,0.85,,United Kingdom
555573,22031,BOTANICAL LAVENDER BIRTHDAY CARD,12,6/5/2011 15:46,0.42,15349.0,United Kingdom
563430,21710,FOLDING UMBRELLA PINKWHITE POLKADOT,8,8/16/2011 11:50,4.95,14918.0,United Kingdom
537638,21982,PACK OF 12 SUKI TISSUES ,6,12/7/2010 15:28,0.85,,United Kingdom
562542,22031,BOTANICAL LAVENDER BIRTHDAY CARD,12,8/5/2011 15:40,0.42,17377.0,United Kingdom
574962,22161,HEART DECORATION RUSTIC HANGING ,24,11/8/2011 10:26,0.19,15194.0,United Kingdom
545575,22061,LARGE CAKE STAND  HANGING STRAWBERY,6,3/3/2011 18:28,9.95,13014.0,United Kingdom
571747,20972,PINK CREAM FELT CRAFT TRINKET BOX ,12,10/19/2011 10:59,1.25,13849.0,United Kingdom
570197,44092C,PURPLE/COPPER HANGING LAMPSHADE,1,10/7/2011 15:45,0.85,13755.0,United Kingdom
567462,21888,BINGO SET,1,9/20/2011 12:35,3.75,14446.0,United Kingdom
560863,75049L,LARGE CIRCULAR MIRROR MOBILE,2,7/21/2011 13:53,1.25,12748.0,United Kingdom
543631,22893,MINI CAKE STAND T-LIGHT HOLDER,12,2/10/2011 16:17,0.42,14081.0,United Kingdom
575298,23203,JUMBO BAG VINTAGE DOILY ,5,11/9/2011 12:29,2.08,17841.0,United Kingdom
552829,23067,HANGING ENGRAVED METAL HEART,4,5/11/2011 13:42,4.15,12748.0,United Kingdom
576087,20724,RED RETROSPOT CHARLOTTE BAG,10,11/14/2011 8:31,0.85,12689.0,France
580208,46000M,POLYESTER FILLER PAD 45x45cm,4,12/2/2011 12:07,1.55,13468.0,United Kingdom
544161,20728,LUNCH BAG CARS BLUE,10,2/16/2011 12:59,1.65,16875.0,United Kingdom
C569034,22489,PACK OF 12 TRADITIONAL CRAYONS,-1,9/30/2011 10:42,0.42,16240.0,United Kingdom
564848,23033,DRAWER KNOB CERAMIC RED,6,8/30/2011 15:37,1.45,16928.0,United Kingdom
538071,21912,VINTAGE SNAKES & LADDERS,2,12/9/2010 14:09,7.62,,United Kingdom
555344,22757,LARGE RED BABUSHKA NOTEBOOK ,1,6/2/2011 11:45,1.25,15311.0,United Kingdom
578344,22219,LOVEBIRD HANGING DECORATION WHITE ,1,11/24/2011 9:21,1.63,,United Kingdom
570086,22619,SET OF 6 SOLDIER SKITTLES,8,10/7/2011 11:22,3.75,17086.0,United Kingdom
539436,20966,SANDWICH BATH SPONGE,2,12/17/2010 14:49,2.51,,United Kingdom
552318,84692,BOX OF 24 COCKTAIL PARASOLS,4,5/8/2011 16:13,0.42,17231.0,United Kingdom
543737,22366,DOORMAT AIRMAIL ,8,2/11/2011 12:45,7.95,12477.0,Germany
C570867,23293,SET OF 12 FAIRY CAKE BAKING CASES,-8,10/12/2011 16:17,0.83,12607.0,USA
545430,82494L,WOODEN FRAME ANTIQUE WHITE ,12,3/2/2011 14:50,2.95,15636.0,United Kingdom
550955,21914,BLUE HARMONICA IN BOX ,12,4/21/2011 16:26,1.25,14189.0,United Kingdom
545901,22291,HANGING CHICK CREAM DECORATION,2,3/7/2011 17:52,1.45,15834.0,United Kingdom
559491,22135,MINI LADLE LOVE HEART PINK,1,7/8/2011 13:53,0.83,,United Kingdom
580065,23355,HOT WATER BOTTLE KEEP CALM,4,12/1/2011 13:33,4.95,15434.0,United Kingdom
539300,22966,GINGERBREAD MAN COOKIE CUTTER,1,12/16/2010 17:31,1.25,,United Kingdom
551271,84692,BOX OF 24 COCKTAIL PARASOLS,25,4/27/2011 12:39,0.42,17187.0,United Kingdom
542944,84755,COLOUR GLASS T-LIGHT HOLDER HANGING,32,2/2/2011 11:14,0.65,17560.0,United Kingdom
547651,22432,WATERING CAN PINK BUNNY,3,3/24/2011 12:11,1.95,16904.0,United Kingdom
540566,22813,PACK 3 BOXES BIRD PANNETONE ,2,1/10/2011 10:58,1.95,17811.0,United Kingdom
547070,22261,FELT EGG COSY WHITE RABBIT ,1,3/20/2011 13:58,0.85,16115.0,United Kingdom
566082,23119,PACK OF 6 LARGE FRUIT STRAWS ,12,9/9/2011 10:09,0.62,16293.0,United Kingdom
561873,22147,FELTCRAFT BUTTERFLY HEARTS,40,7/31/2011 11:48,1.25,13316.0,United Kingdom
562517,21990,MODERN FLORAL STATIONERY SET,2,8/5/2011 12:27,1.25,15719.0,United Kingdom
540839,72802A,ROSE SCENT CANDLE IN JEWELLED BOX,1,1/11/2011 15:42,4.25,16791.0,United Kingdom
560048,21985,PACK OF 12 HEARTS DESIGN TISSUES ,24,7/14/2011 15:02,0.29,13515.0,United Kingdom
C560880,22666,RECIPE BOX PANTRY YELLOW DESIGN,-3,7/21/2011 15:39,2.95,15152.0,United Kingdom
581133,21933,PINK VINTAGE PAISLEY PICNIC BAG,10,12/7/2011 12:55,1.65,14904.0,United Kingdom
576837,84661B,BLACK SQUARE TABLE CLOCK,1,11/16/2011 15:16,4.96,,United Kingdom
553734,23109,LED TEA LIGHTS,6,5/19/2011 8:31,2.89,14735.0,United Kingdom
560090,22558,CLOTHES PEGS RETROSPOT PACK 24 ,1,7/14/2011 16:46,3.29,,United Kingdom
579167,22914,BLUE COAT RACK PARIS FASHION,2,11/28/2011 14:06,4.95,16800.0,United Kingdom
544928,47559B,TEA TIME OVEN GLOVE,3,2/24/2011 18:07,2.46,,United Kingdom
581492,21808,"CHRISTMAS GARLAND STARS,TREES",3,12/9/2011 10:03,3.29,,United Kingdom
560491,23236,DOILEY STORAGE TIN,1,7/19/2011 10:51,2.89,12415.0,Australia
564901,22231,JIGSAW TREE WITH BIRDHOUSE,12,8/31/2011 11:40,0.59,15690.0,United Kingdom
545183,21922,UNION STRIPE WITH FRINGE  HAMMOCK,2,2/28/2011 14:59,7.95,15570.0,United Kingdom
571441,22559,SEASIDE FLYING DISC,2,10/17/2011 13:31,2.46,14096.0,United Kingdom
543467,21790,VINTAGE SNAP CARDS,2,2/8/2011 14:35,1.63,,United Kingdom
576910,15044A,PINK PAPER PARASOL ,6,11/17/2011 9:51,2.95,12477.0,Germany
575851,23350,ROLL WRAP VINTAGE SPOT ,1,11/11/2011 12:13,1.25,14662.0,United Kingdom
578681,22469,HEART OF WICKER SMALL,12,11/25/2011 8:41,1.65,13579.0,United Kingdom
556529,21039,RED RETROSPOT SHOPPING BAG,6,6/13/2011 11:41,2.55,12714.0,France
541670,22666,RECIPE BOX PANTRY YELLOW DESIGN,48,1/20/2011 12:34,2.55,14911.0,EIRE
560368,21916,SET 12 RETRO WHITE CHALK STICKS,1,7/18/2011 12:25,0.42,17841.0,United Kingdom
559254,23029,DRAWER KNOB CRACKLE GLAZE GREEN,12,7/7/2011 11:56,1.65,16814.0,United Kingdom
539722,22654,DELUXE SEWING KIT ,3,12/21/2010 13:45,5.95,14911.0,EIRE
539434,22545,MINI JIGSAW BUNNIES,1,12/17/2010 14:41,0.85,,United Kingdom
569815,85099B,JUMBO BAG RED RETROSPOT,1000,10/6/2011 11:53,1.79,15838.0,United Kingdom
576099,21212,PACK OF 72 RETROSPOT CAKE CASES,24,11/14/2011 10:28,0.55,13021.0,United Kingdom
568183,22579,WOODEN TREE CHRISTMAS SCANDINAVIAN,24,9/25/2011 13:47,0.29,13991.0,United Kingdom
561873,22568,FELTCRAFT CUSHION OWL,24,7/31/2011 11:48,3.39,13316.0,United Kingdom
572465,22768,FAMILY PHOTO FRAME CORNICE,2,10/24/2011 13:26,9.95,14474.0,United Kingdom
579508,22030,SWALLOWS GREETING CARD,1,11/29/2011 16:33,0.83,,United Kingdom
563557,22488,NATURAL SLATE RECTANGLE CHALKBOARD,12,8/17/2011 13:33,1.65,15786.0,United Kingdom
564565,21975,PACK OF 60 DINOSAUR CAKE CASES,24,8/26/2011 10:50,0.55,14911.0,EIRE
578074,23333,IVORY WICKER HEART MEDIUM,3,11/22/2011 16:06,1.25,17590.0,United Kingdom
581412,23153,ZINC SWEETHEART WIRE LETTER RACK,2,12/8/2011 14:38,3.75,14415.0,United Kingdom
573122,22187,GREEN CHRISTMAS TREE CARD HOLDER,2,10/27/2011 16:23,1.95,14357.0,United Kingdom
557619,22624,IVORY KITCHEN SCALES,1,6/21/2011 13:58,8.5,17757.0,United Kingdom
539196,72741,GRAND CHOCOLATECANDLE,9,12/16/2010 12:09,1.45,18055.0,United Kingdom
556489,21390,FILIGRIS HEART WITH BUTTERFLY,3,6/12/2011 13:59,1.25,14704.0,United Kingdom
536522,84997D,PINK 3 PIECE POLKADOT CUTLERY SET,1,12/1/2010 12:49,3.75,15012.0,United Kingdom
556809,84997D,CHILDRENS CUTLERY POLKADOT PINK,10,6/14/2011 16:48,4.15,17179.0,United Kingdom
545411,22759,SET OF 3 NOTEBOOKS IN PARCEL,12,3/2/2011 12:21,1.65,16128.0,United Kingdom
580364,23569,TRADTIONAL ALPHABET STAMP SET,4,12/2/2011 16:34,4.95,13309.0,United Kingdom
572484,22900,SET 2 TEA TOWELS I LOVE LONDON ,3,10/24/2011 13:50,3.25,17220.0,United Kingdom
539436,84884A,ANT WHITE WIRE HEART SPIRAL,1,12/17/2010 14:49,8.47,,United Kingdom
556432,22178,VICTORIAN GLASS HANGING T-LIGHT,24,6/10/2011 13:59,1.25,16184.0,United Kingdom
558475,37340,MULTICOLOUR SPRING FLOWER MUG,48,6/29/2011 15:58,0.69,,United Kingdom
577774,22499,WOODEN UNION JACK BUNTING,3,11/21/2011 15:57,5.95,16712.0,United Kingdom
540352,21616,4 PEAR BOTANICAL DINNER CANDLES,1,1/6/2011 14:27,2.51,,United Kingdom
538094,17084N,FAIRY DREAMS INCENSE ,25,12/9/2010 14:50,0.21,13117.0,United Kingdom
556042,23133,LARGE IVORY HEART WALL ORGANISER,2,6/8/2011 12:44,8.25,14367.0,United Kingdom
563808,21156,RETROSPOT CHILDRENS APRON,8,8/19/2011 11:46,1.95,12626.0,Germany
568202,22748,POPPY'S PLAYHOUSE KITCHEN,6,9/25/2011 15:01,2.1,15366.0,United Kingdom
540977,85032A,ROMANTIC IMAGES GIFT WRAP SET,1,1/12/2011 15:01,4.21,,United Kingdom
566005,22412,METAL SIGN NEIGHBOURHOOD WITCH ,4,9/8/2011 11:56,2.1,16426.0,United Kingdom
566451,23215,JINGLE BELL HEART ANTIQUE SILVER,4,9/12/2011 16:14,2.08,18069.0,United Kingdom
572758,23439,HAND WARMER RED LOVE HEART,1,10/25/2011 18:39,4.13,,United Kingdom
581096,23203,JUMBO BAG VINTAGE DOILY ,10,12/7/2011 11:36,2.08,17412.0,United Kingdom
550137,21257,VICTORIAN SEWING BOX MEDIUM,2,4/14/2011 13:59,7.95,12477.0,Germany
577121,21559,STRAWBERRY LUNCH BOX WITH CUTLERY,6,11/17/2011 18:29,2.55,12681.0,France
569220,23301,GARDENERS KNEELING PAD KEEP CALM ,3,10/2/2011 13:26,1.65,16007.0,United Kingdom
562014,21155,RED RETROSPOT PEG BAG,6,8/1/2011 14:05,2.55,14341.0,United Kingdom
555573,22469,HEART OF WICKER SMALL,3,6/5/2011 15:46,1.65,15349.0,United Kingdom
545503,20726,LUNCH BAG WOODLAND,2,3/3/2011 11:34,1.65,15719.0,United Kingdom
558066,85173,SET/6 FROG PRINCE T-LIGHT CANDLES,1,6/24/2011 15:45,4.96,,United Kingdom
553042,22570,FELTCRAFT CUSHION RABBIT,8,5/13/2011 9:01,3.75,15845.0,United Kingdom
547485,21976,PACK OF 60 MUSHROOM CAKE CASES,3,3/23/2011 11:16,0.55,17019.0,United Kingdom
544206,22893,MINI CAKE STAND T-LIGHT HOLDER,5,2/17/2011 10:33,0.83,,United Kingdom
538154,21189,WHITE HONEYCOMB PAPER GARLAND ,3,12/9/2010 16:35,3.36,,United Kingdom
538995,82551,LAUNDRY 15C METAL SIGN,12,12/15/2010 12:05,1.45,13458.0,United Kingdom
580288,23494,VINTAGE DOILY DELUXE SEWING KIT ,3,12/2/2011 13:29,5.95,17611.0,United Kingdom
554998,82482,WOODEN PICTURE FRAME WHITE FINISH,6,5/29/2011 15:35,2.55,15925.0,United Kingdom
555923,22326,ROUND SNACK BOXES SET OF4 WOODLAND ,1,6/7/2011 17:09,5.79,,United Kingdom
C579934,21422,PORCELAIN ROSE SMALL,-2,12/1/2011 9:44,0.85,14860.0,United Kingdom
550542,22156,HEART DECORATION WITH PEARLS ,4,4/19/2011 11:37,1.63,,United Kingdom
565410,22835,HOT WATER BOTTLE I AM SO POORLY,4,9/4/2011 11:17,4.65,14691.0,United Kingdom
572244,22138,BAKING SET 9 PIECE RETROSPOT ,12,10/21/2011 15:54,4.95,14233.0,United Kingdom
538841,22197,SMALL POPCORN HOLDER,20,12/14/2010 13:11,0.85,16899.0,United Kingdom
577768,23314,VINTAGE CHRISTMAS TABLECLOTH,1,11/21/2011 15:18,24.96,,United Kingdom
553063,22646,CERAMIC STRAWBERRY CAKE MONEY BANK,12,5/13/2011 11:38,1.45,13018.0,United Kingdom
571716,22946,WOODEN ADVENT CALENDAR CREAM,1,10/18/2011 17:05,16.63,,United Kingdom
575591,23396,LE JARDIN BOTANIQUE CUSHION COVER,1,11/10/2011 12:09,3.75,17791.0,United Kingdom
571265,22478,BIRDHOUSE GARDEN MARKER ,1,10/16/2011 11:31,1.25,16674.0,United Kingdom
564373,22627,MINT KITCHEN SCALES,6,8/25/2011 9:56,8.5,15290.0,United Kingdom
543544,22436,12 COLOURED PARTY BALLOONS,1,2/9/2011 15:39,0.65,,United Kingdom
543985,85049G,CHOCOLATE BOX RIBBONS ,1,2/15/2011 9:44,2.46,,United Kingdom
540418,82613D,METAL SIGN CUPCAKE SINGLE HOOK,7,1/7/2011 11:04,0.85,,United Kingdom
577773,23245,SET OF 3 REGENCY CAKE TINS,4,11/21/2011 15:57,4.95,16712.0,United Kingdom
556090,75049L,LARGE CIRCULAR MIRROR MOBILE,2,6/8/2011 15:25,2.46,,United Kingdom
568894,22139,RETROSPOT TEA SET CERAMIC 11 PC ,6,9/29/2011 13:04,4.95,17528.0,United Kingdom
572034,23382,BOX OF 6 CHRISTMAS CAKE DECORATIONS,4,10/20/2011 12:00,3.75,14447.0,United Kingdom
537434,21595,Dad's Cab Electronic Meter,1,12/6/2010 16:57,8.47,,United Kingdom
547337,85025C,barcode problem,-230,3/22/2011 11:47,0.0,,United Kingdom
577078,23551,PACK OF 12 PAISLEY PARK TISSUES ,1,11/17/2011 15:17,0.83,,United Kingdom
570177,22082,RIBBON REEL STRIPES DESIGN ,10,10/7/2011 14:17,1.65,17509.0,United Kingdom
545021,85170C,SET/6 EAU DE NIL BIRD T-LIGHTS,6,2/25/2011 14:11,2.1,17663.0,United Kingdom
579146,22111,SCOTTIE DOG HOT WATER BOTTLE,1,11/28/2011 13:14,4.95,16347.0,United Kingdom
556116,21262,WHITE GOOSE FEATHER CHRISTMAS TREE ,6,6/9/2011 9:44,2.95,15214.0,United Kingdom
537222,22375,AIRLINE BAG VINTAGE JET SET BROWN,1,12/5/2010 16:00,4.25,14404.0,United Kingdom
578155,20726,LUNCH BAG WOODLAND,1,11/23/2011 11:32,1.65,12748.0,United Kingdom
553165,90035C,"PEARL & SHELL 42""NECKL. IVORY",2,5/13/2011 16:12,10.75,13623.0,United Kingdom
580691,90214C,"LETTER ""C"" BLING KEY RING",12,12/5/2011 15:48,0.29,13790.0,United Kingdom
578074,23263,SET OF 3 WOODEN HEART DECORATIONS,2,11/22/2011 16:06,1.25,17590.0,United Kingdom
562916,84803B,WHITE ALLIUM  ARTIFICIAL FLOWER,2,8/10/2011 13:41,1.69,,United Kingdom
552724,22728,ALARM CLOCK BAKELIKE PINK,4,5/11/2011 10:29,3.75,13418.0,United Kingdom
581403,21930,JUMBO STORAGE BAG SKULLS,10,12/8/2011 13:46,2.08,13510.0,United Kingdom
575983,90094,NECKLACE+BRACELET SET FRUIT SALAD ,1,11/13/2011 13:45,2.55,13379.0,United Kingdom
581400,22844,VINTAGE CREAM DOG FOOD CONTAINER,3,12/8/2011 13:36,8.5,14056.0,United Kingdom
546554,35915B,BLUE KNITTED HEN ,6,3/15/2011 9:13,1.65,16037.0,United Kingdom
579430,23503,PLAYING CARDS KEEP CALM & CARRY ON,2,11/29/2011 13:06,1.25,12748.0,United Kingdom
541684,22151,PLACE SETTING WHITE HEART,25,1/20/2011 15:22,0.42,15498.0,United Kingdom
573149,84625A,PINK NEW BAROQUECANDLESTICK CANDLE,2,10/27/2011 19:56,0.85,16438.0,United Kingdom
581217,21934,SKULL SHOULDER BAG,14,12/8/2011 9:20,1.63,,United Kingdom
563018,16169E,WRAP 50'S  CHRISTMAS,25,8/11/2011 12:53,0.42,13427.0,United Kingdom
574873,22111,SCOTTIE DOG HOT WATER BOTTLE,5,11/7/2011 13:01,4.95,16362.0,United Kingdom
538678,21928,JUMBO BAG SCANDINAVIAN PAISLEY,1,12/13/2010 16:46,1.95,,United Kingdom
C559347,22771,CLEAR DRAWER KNOB ACRYLIC EDWARDIAN,-12,7/7/2011 17:22,1.25,18072.0,United Kingdom
581237,23507,MINI PLAYING CARDS BUFFALO BILL ,1,12/8/2011 10:40,0.42,15443.0,United Kingdom
560080,82583,HOT BATHS METAL SIGN,96,7/14/2011 16:23,2.39,17450.0,United Kingdom
573362,22726,ALARM CLOCK BAKELIKE GREEN,4,10/30/2011 13:06,3.75,12597.0,Spain
571824,23493,VINTAGE DOILY TRAVEL SEWING KIT,10,10/19/2011 11:49,1.95,12472.0,Germany
569488,23461,SWEETHEART BIRD HOUSE,3,10/4/2011 13:10,4.15,16440.0,United Kingdom
550835,22630,DOLLY GIRL LUNCH BOX,1,4/21/2011 10:52,1.95,15034.0,United Kingdom
538783,22565,FELTCRAFT HAIRBANDS PINK AND WHITE ,12,12/14/2010 11:38,0.85,14961.0,United Kingdom
550499,85123A,WHITE HANGING HEART T-LIGHT HOLDER,1,4/18/2011 15:16,5.79,,United Kingdom
561314,22291,HANGING CHICK CREAM DECORATION,12,7/26/2011 12:36,1.45,16266.0,United Kingdom
577228,21733,RED HANGING HEART T-LIGHT HOLDER,6,11/18/2011 12:07,2.95,12391.0,Cyprus
551603,82600,NO SINGING METAL SIGN,4,5/3/2011 11:34,2.1,16745.0,United Kingdom
568539,22934,BAKING MOULD EASTER EGG WHITE CHOC,6,9/27/2011 14:07,2.95,13016.0,United Kingdom
572758,23241,TREASURE TIN GYMKHANA DESIGN,1,10/25/2011 18:39,4.13,,United Kingdom
551953,22671,FRENCH LAUNDRY SIGN BLUE METAL,12,5/5/2011 11:53,1.65,13448.0,United Kingdom
542662,22960,JAM MAKING SET WITH JARS,6,1/31/2011 12:10,4.25,18145.0,United Kingdom
542401,21329,DINOSAURS  WRITING SET ,1,1/27/2011 15:51,1.65,14541.0,United Kingdom
562106,21786,POLKADOT RAIN HAT ,1,8/2/2011 15:19,0.42,14076.0,United Kingdom
544659,84819,DANISH ROSE ROUND SEWING BOX,1,2/22/2011 13:20,4.25,18114.0,United Kingdom
569898,85150,LADIES & GENTLEMEN METAL SIGN,1,10/6/2011 16:08,4.96,,United Kingdom
570652,22733,3D TRADITIONAL CHRISTMAS STICKERS,36,10/11/2011 13:45,1.25,17863.0,United Kingdom
581498,84375,SET OF 20 KIDS COOKIE CUTTERS,3,12/9/2011 10:26,4.13,,United Kingdom
559807,21980,PACK OF 12 RED RETROSPOT TISSUES ,12,7/12/2011 14:48,0.29,17841.0,United Kingdom
543054,21080,SET/20 RED RETROSPOT PAPER NAPKINS ,12,2/3/2011 10:39,0.85,13394.0,United Kingdom
578344,84569D,PACK 6 HEART/ICE-CREAM PATCHES,2,11/24/2011 9:21,2.46,,United Kingdom
543251,22698,PINK REGENCY TEACUP AND SAUCER,6,2/4/2011 14:51,2.95,14194.0,United Kingdom
540396,15056N,EDWARDIAN PARASOL NATURAL,6,1/6/2011 18:33,5.95,14031.0,United Kingdom
576189,20981,12 PENCILS TALL TUBE WOODLAND,1,11/14/2011 11:33,0.85,14684.0,United Kingdom
579885,23093,SMALL PARISIENNE HEART PHOTO FRAME ,2,11/30/2011 17:37,2.49,15444.0,United Kingdom
581175,23172,REGENCY TEA PLATE PINK,48,12/7/2011 15:16,1.45,14646.0,Netherlands
581006,22112,CHOCOLATE HOT WATER BOTTLE,6,12/7/2011 8:45,4.95,14911.0,EIRE
543803,85017B,ENVELOPE 50 BLOSSOM IMAGES,2,2/13/2011 12:05,0.85,17126.0,United Kingdom
580367,23005,TRAVEL CARD WALLET I LOVE LONDON,5,12/2/2011 16:39,0.83,,United Kingdom
566345,22705,WRAP GREEN PEARS ,25,9/12/2011 12:27,0.42,17685.0,United Kingdom
548361,23126,FELTCRAFT GIRL AMELIE KIT,4,3/30/2011 15:38,4.95,16092.0,United Kingdom
537362,21830,ASSORTED CREEPY CRAWLIES,24,12/6/2010 12:34,0.42,17596.0,United Kingdom
564436,23004,TRAVEL CARD WALLET PANTRY,1,8/25/2011 12:06,0.42,17841.0,United Kingdom
563830,21391,FRENCH LAVENDER SCENT HEART,24,8/19/2011 12:20,0.75,16638.0,United Kingdom
555979,22383,LUNCH BAG SUKI DESIGN ,2,6/8/2011 11:18,1.65,15039.0,United Kingdom
578374,21937,found,50,11/24/2011 11:21,0.0,,United Kingdom
542409,22262,FELT EGG COSY CHICKEN,7,1/27/2011 16:30,0.85,15311.0,United Kingdom
568156,84341B,SMALL PINK MAGIC CHRISTMAS TREE,36,9/25/2011 12:16,0.38,14367.0,United Kingdom
556813,22120,WELCOME  WOODEN BLOCK LETTERS,1,6/14/2011 17:28,19.96,,United Kingdom
546891,21458,2 PICTURE BOOK EGGS EASTER BUNNY,1,3/17/2011 18:18,2.46,,United Kingdom
548011,22662,LUNCH BAG DOLLY GIRL DESIGN,200,3/29/2011 11:14,1.45,14646.0,Netherlands
552643,20886,BOX OF 9 PEBBLE CANDLES,3,5/10/2011 13:24,1.95,16791.0,United Kingdom
560723,22694,WICKER STAR ,2,7/20/2011 13:53,2.1,16464.0,United Kingdom
540550,21559,STRAWBERRY LUNCH BOX WITH CUTLERY,6,1/10/2011 9:11,2.55,12539.0,Spain
577768,22961,JAM MAKING SET PRINTED,4,11/21/2011 15:18,3.29,,United Kingdom
538811,20723,STRAWBERRY CHARLOTTE BAG,10,12/14/2010 12:22,0.85,13178.0,United Kingdom
566019,47559B,TEA TIME OVEN GLOVE,4,9/8/2011 12:44,1.25,17243.0,United Kingdom
568955,21136,PAINTED METAL PEARS ASSORTED,8,9/29/2011 15:40,1.69,13759.0,United Kingdom
538177,21210,SET OF 72 RETROSPOT PAPER  DOILIES,1,12/10/2010 9:51,2.98,,United Kingdom
556792,21509,COWBOYS AND INDIANS BIRTHDAY CARD ,12,6/14/2011 13:52,0.42,17043.0,United Kingdom
549251,84596L,BISCUITS SMALL BOWL LIGHT BLUE,2,4/7/2011 12:16,0.42,14449.0,United Kingdom
566602,21394,RED POLKADOT BEAKER ,6,9/13/2011 16:05,1.63,,United Kingdom
574950,22893,MINI CAKE STAND T-LIGHT HOLDER,8,11/8/2011 9:29,0.83,,United Kingdom
537312,21870,I CAN ONLY PLEASE ONE PERSON MUG,72,12/6/2010 11:42,1.06,14189.0,United Kingdom
554280,22380,TOY TIDY SPACEBOY  ,5,5/23/2011 13:35,2.1,14817.0,United Kingdom
577217,23485,BOTANICAL GARDENS WALL CLOCK ,1,11/18/2011 11:53,25.0,17324.0,United Kingdom
537775,22203,MILK PAN RED RETROSPOT,4,12/8/2010 12:41,3.75,17722.0,United Kingdom
545302,84800S,SMALL WHITE/PINK ROSE ART FLOWER,2,3/1/2011 12:46,1.25,14506.0,United Kingdom
553182,21169,YOU'RE CONFUSING ME METAL SIGN ,3,5/15/2011 12:21,1.69,17107.0,United Kingdom
578153,23320,GIANT 50'S CHRISTMAS CRACKER,3,11/23/2011 11:22,2.89,12748.0,United Kingdom
564093,23270,SET OF 2 CERAMIC PAINTED HEARTS ,12,8/23/2011 10:29,1.45,14930.0,Channel Islands
541827,22798,ANTIQUE GLASS DRESSING TABLE POT,1,1/21/2011 17:05,5.79,,United Kingdom
576787,23581,JUMBO BAG PAISLEY PARK,10,11/16/2011 13:54,2.08,13815.0,Germany
578518,22312,OFFICE MUG WARMER POLKADOT,1,11/24/2011 13:54,2.95,14606.0,United Kingdom
548894,22378,WALL TIDY RETROSPOT ,2,4/4/2011 16:01,4.13,,United Kingdom
544467,22464,HANGING METAL HEART LANTERN,1,2/20/2011 15:51,1.65,14502.0,United Kingdom
549989,84988,SET OF 72 PINK HEART PAPER DOILIES,1,4/13/2011 16:58,1.45,13221.0,United Kingdom
541219,22471,TV DINNER TRAY AIR HOSTESS ,3,1/14/2011 14:06,4.13,,United Kingdom
574076,22161,HEART DECORATION RUSTIC HANGING ,4,11/2/2011 15:38,0.79,,United Kingdom
556115,21531,RED RETROSPOT SUGAR JAM BOWL,6,6/9/2011 9:39,2.55,15241.0,United Kingdom
573158,22835,HOT WATER BOTTLE I AM SO POORLY,8,10/28/2011 8:56,4.95,14738.0,United Kingdom
541615,22570,FELTCRAFT CUSHION RABBIT,3,1/20/2011 10:43,3.75,16395.0,United Kingdom
549543,22519,CHILDS GARDEN BRUSH PINK,2,4/10/2011 11:14,2.1,18118.0,United Kingdom
559652,21175,GIN + TONIC DIET METAL SIGN,12,7/11/2011 12:47,2.55,17164.0,United Kingdom
555406,84879,ASSORTED COLOUR BIRD ORNAMENT,16,6/2/2011 19:50,1.69,17231.0,United Kingdom
555650,22967,SET 3 SONG BIRD PAPER EGGS ASSORTED,6,6/6/2011 13:48,2.95,14156.0,EIRE
579470,84029G,KNITTED UNION FLAG HOT WATER BOTTLE,3,11/29/2011 15:06,4.25,16549.0,United Kingdom
C576919,23239,SET OF 4 KNICK KNACK TINS POPPIES,-6,11/17/2011 10:44,4.15,15529.0,United Kingdom
570167,22465,HANGING METAL STAR LANTERN,12,10/7/2011 14:04,1.65,15615.0,United Kingdom
568988,22819,"BIRTHDAY CARD, RETRO SPOT",12,9/29/2011 16:38,0.42,12718.0,France
575690,23661,MILK MAIDS MUG ,12,11/10/2011 16:20,1.65,14189.0,United Kingdom
577228,22804,PINK HANGING HEART T-LIGHT HOLDER,6,11/18/2011 12:07,2.95,12391.0,Cyprus
544098,22432,WATERING CAN PINK BUNNY,6,2/16/2011 10:04,1.95,16019.0,United Kingdom
559538,22989,SET 2 PANTRY DESIGN TEA TOWELS,2,7/10/2011 12:25,3.25,16880.0,United Kingdom
551986,47566,PARTY BUNTING,4,5/5/2011 14:41,4.95,13888.0,United Kingdom
542397,22934,BAKING MOULD EASTER EGG WHITE CHOC,48,1/27/2011 15:22,2.55,13328.0,United Kingdom
569521,21327,SKULLS WRITING SET ,2,10/4/2011 14:33,1.65,16474.0,United Kingdom
575477,22943,CHRISTMAS LIGHTS 10 VINTAGE BAUBLES,1,11/9/2011 16:14,10.79,,United Kingdom
548197,22281,EASTER TREE YELLOW BIRDS,2,3/29/2011 15:53,5.95,13588.0,United Kingdom
547580,21756,BATH BUILDING BLOCK WORD,3,3/24/2011 10:48,5.95,13488.0,United Kingdom
546984,20725,LUNCH BAG RED RETROSPOT,1,3/18/2011 12:35,1.65,15019.0,United Kingdom
578072,23113,PANTRY CHOPPING BOARD,1,11/22/2011 16:02,4.95,17759.0,United Kingdom
575740,22579,WOODEN TREE CHRISTMAS SCANDINAVIAN,24,11/11/2011 9:25,0.29,18130.0,United Kingdom
558233,23049,RECYCLED ACAPULCO MAT RED,2,6/27/2011 14:36,8.25,18073.0,United Kingdom
552229,DOT,DOTCOM POSTAGE,1,5/6/2011 15:40,21.74,,United Kingdom
556916,22646,CERAMIC STRAWBERRY CAKE MONEY BANK,4,6/15/2011 13:35,1.45,16898.0,United Kingdom
566195,16014,SMALL CHINESE STYLE SCISSOR,20,9/9/2011 13:44,0.42,12433.0,Norway
575610,23206,LUNCH BAG APPLE DESIGN,10,11/10/2011 12:45,1.65,16628.0,United Kingdom
567890,23381,PACK OF 12 VINTAGE LEAF TISSUES ,24,9/22/2011 15:40,0.39,14125.0,United Kingdom
541576,85040A,S/4 PINK FLOWER CANDLES IN BOWL,2,1/19/2011 13:32,1.65,17097.0,Spain
570887,22589,CARDHOLDER GINGHAM STAR,6,10/13/2011 10:25,2.89,17169.0,United Kingdom
540154,90198A,VINTAGE ROSE BEAD BRACELET RASPBERR,1,1/5/2011 11:30,4.24,,United Kingdom
578149,22619,SET OF 6 SOLDIER SKITTLES,2,11/23/2011 11:11,7.46,,United Kingdom
575117,21616,4 PEAR BOTANICAL DINNER CANDLES,1,11/8/2011 14:22,1.25,12748.0,United Kingdom
541809,20724,RED RETROSPOT CHARLOTTE BAG,34,1/21/2011 14:59,2.46,,United Kingdom
568792,22697,GREEN REGENCY TEACUP AND SAUCER,6,9/29/2011 9:53,2.95,18192.0,United Kingdom
542109,48187,DOORMAT NEW ENGLAND,2,1/25/2011 13:44,12.46,,United Kingdom
543124,22171,3 HOOK PHOTO SHELF ANTIQUE WHITE,2,2/3/2011 14:15,8.5,15311.0,United Kingdom
548259,21382,SET/4 SPRING FLOWER DECORATION,4,3/30/2011 11:12,2.95,14099.0,United Kingdom
548450,22028,PENNY FARTHING BIRTHDAY CARD,12,3/31/2011 11:20,0.42,15856.0,United Kingdom
552245,21793,CLASSIC FRENCH STYLE BASKET BROWN,1,5/6/2011 19:42,3.95,12748.0,United Kingdom
558475,22203,MILK PAN RED RETROSPOT,7,6/29/2011 15:58,3.29,,United Kingdom
565320,23204,CHARLOTTE BAG APPLES DESIGN,32,9/2/2011 13:10,0.85,16745.0,United Kingdom
560580,23298,SPOTTY BUNTING,30,7/19/2011 15:23,4.15,14088.0,United Kingdom
564483,22333,RETROSPOT PARTY BAG + STICKER SET,8,8/25/2011 13:46,1.65,14050.0,United Kingdom
C556677,23169,CLASSIC GLASS COOKIE JAR,-2,6/13/2011 17:19,4.15,15643.0,United Kingdom
565470,22077,6 RIBBONS RUSTIC CHARM,12,9/5/2011 10:06,1.65,12576.0,Poland
539749,22734,,30,12/21/2010 15:33,0.0,,United Kingdom
569638,22469,HEART OF WICKER SMALL,12,10/5/2011 12:15,1.65,16140.0,United Kingdom
553199,21577,SAVE THE PLANET COTTON TOTE BAG,2,5/15/2011 15:13,2.25,17758.0,United Kingdom
574313,84029E,RED WOOLLY HOTTIE WHITE HEART.,4,11/3/2011 17:45,4.25,13267.0,United Kingdom
550470,21123,SET/10 IVORY POLKADOT PARTY CANDLES,1,4/18/2011 13:49,2.46,,United Kingdom
558570,23127,FELTCRAFT GIRL NICOLE KIT,2,6/30/2011 14:38,4.95,17673.0,United Kingdom
579427,22467,GUMBALL COAT RACK,4,11/29/2011 13:04,2.55,16479.0,United Kingdom
536819,22988,SOLDIERS EGG CUP ,12,12/2/2010 17:12,1.25,13402.0,United Kingdom
537789,21523,DOORMAT FANCY FONT HOME SWEET HOME,20,12/8/2010 12:49,6.75,14051.0,United Kingdom
C547675,22263,FELT EGG COSY LADYBIRD ,-49,3/24/2011 14:07,0.66,17754.0,United Kingdom
566923,22470,HEART OF WICKER LARGE,2,9/15/2011 15:05,2.95,15511.0,United Kingdom
539463,22300,COFFEE MUG DOG + BALL DESIGN,12,12/19/2010 11:19,2.55,18077.0,United Kingdom
542541,22310,IVORY KNITTED MUG COSY ,4,1/28/2011 14:25,3.29,,United Kingdom
545182,17001,HEAVENS SCENT FRAGRANCE OILS ASSTD,72,2/28/2011 14:48,0.29,14046.0,United Kingdom
571227,22317,FIVE CATS HANGING DECORATION,6,10/14/2011 13:54,2.95,12477.0,Germany
568782,23355,HOT WATER BOTTLE KEEP CALM,4,9/29/2011 8:53,4.95,13985.0,United Kingdom
551547,21212,PACK OF 72 RETROSPOT CAKE CASES,17,5/3/2011 9:44,2.08,,United Kingdom
565901,85099B,JUMBO BAG RED RETROSPOT,100,9/7/2011 15:34,1.79,13798.0,United Kingdom
581058,20839,FRENCH PAISLEY CUSHION COVER ,12,12/7/2011 11:06,0.85,15969.0,United Kingdom
581034,23344,JUMBO BAG 50'S CHRISTMAS ,10,12/7/2011 10:48,2.08,17049.0,United Kingdom
553053,21624,VINTAGE UNION JACK DOORSTOP,6,5/13/2011 10:20,5.95,12857.0,United Kingdom
562922,20728,LUNCH BAG CARS BLUE,20,8/10/2011 14:26,1.65,12594.0,Italy
580729,23469,CARD HOLDER LOVE BIRD SMALL,1,12/5/2011 17:24,8.29,,United Kingdom
542412,85206A,CREAM FELT EASTER EGG BASKET,1,1/27/2011 16:49,1.65,16725.0,United Kingdom
557938,20719,WOODLAND CHARLOTTE BAG,3,6/23/2011 15:35,1.63,,United Kingdom
576614,22945,CHRISTMAS METAL TAGS ASSORTED ,6,11/15/2011 16:38,0.85,12933.0,United Kingdom
567671,22386,JUMBO BAG PINK POLKADOT,1,9/21/2011 15:34,4.13,,United Kingdom
571559,23202,JUMBO BAG VINTAGE LEAF,10,10/18/2011 9:32,2.08,14911.0,EIRE
573151,23351,ROLL WRAP 50'S CHRISTMAS,12,10/27/2011 20:09,1.25,17602.0,United Kingdom
576688,22112,CHOCOLATE HOT WATER BOTTLE,3,11/16/2011 12:16,4.95,16717.0,United Kingdom
568719,22074,6 RIBBONS SHIMMERING PINKS ,1,9/28/2011 16:19,1.25,,United Kingdom
569319,23439,HAND WARMER RED LOVE HEART,12,10/3/2011 12:17,2.1,14290.0,United Kingdom
561650,22959,WRAP CHRISTMAS VILLAGE,25,7/28/2011 15:31,0.42,15329.0,United Kingdom
548703,22383,LUNCH BAG SUKI DESIGN ,2,4/3/2011 11:37,1.65,16010.0,United Kingdom
559836,85199L,LARGE HANGING IVORY & RED WOOD BIRD,12,7/13/2011 10:09,0.65,13911.0,United Kingdom
575059,20713,JUMBO BAG OWLS,1,11/8/2011 12:25,2.08,14071.0,United Kingdom
559055,20856,DENIM PATCH PURSE PINK BUTTERFLY,4,7/5/2011 17:09,1.63,,United Kingdom
549813,21710,FOLDING UMBRELLA PINKWHITE POLKADOT,1,4/12/2011 12:16,4.95,17972.0,United Kingdom
554083,21519,GIN & TONIC DIET GREETING CARD ,12,5/22/2011 11:51,0.42,18125.0,United Kingdom
550470,22861,EASTER TIN CHICKS IN GARDEN,1,4/18/2011 13:49,3.29,,United Kingdom
556813,23171,REGENCY TEA PLATE GREEN ,2,6/14/2011 17:28,3.29,,United Kingdom
538313,22727,ALARM CLOCK BAKELIKE RED ,2,12/10/2010 13:50,3.75,15514.0,United Kingdom
572567,21284,RETROSPOT CANDLE  SMALL,12,10/25/2011 10:27,1.69,12398.0,Switzerland
545333,21756,BATH BUILDING BLOCK WORD,1,3/1/2011 16:22,11.63,,United Kingdom
C580954,84997A,CHILDRENS CUTLERY POLKADOT GREEN ,-9,12/6/2011 14:19,3.75,12967.0,United Kingdom
554054,15058A,BLUE POLKADOT GARDEN PARASOL,6,5/20/2011 15:29,10.79,,United Kingdom
546732,84692,BOX OF 24 COCKTAIL PARASOLS,2,3/16/2011 11:41,0.42,14606.0,United Kingdom
540770,21524,DOORMAT SPOTTY HOME SWEET HOME,2,1/11/2011 10:40,7.95,13468.0,United Kingdom
552277,21865,PINK UNION JACK  PASSPORT COVER ,6,5/8/2011 12:34,2.1,13642.0,United Kingdom
575751,23344,JUMBO BAG 50'S CHRISTMAS ,10,11/11/2011 10:32,2.08,14911.0,EIRE
547248,85194L,HANGING SPRING FLOWER EGG LARGE,2,3/22/2011 9:23,1.63,,United Kingdom
571676,35648,VINTAGE BEAD PINK PURSE ,2,10/18/2011 13:29,0.83,16910.0,United Kingdom
552655,85123A,WHITE HANGING HEART T-LIGHT HOLDER,2,5/10/2011 14:22,2.95,14587.0,United Kingdom
562264,84380,SET OF 3 BUTTERFLY COOKIE CUTTERS,2,8/3/2011 16:14,2.46,,United Kingdom
570416,22798,ANTIQUE GLASS DRESSING TABLE POT,8,10/10/2011 13:30,2.95,15608.0,United Kingdom
567707,22037,ROBOT BIRTHDAY CARD,36,9/22/2011 9:52,0.42,14676.0,United Kingdom
580512,85099B,JUMBO BAG RED RETROSPOT,10,12/4/2011 13:55,2.08,12673.0,Germany
575698,21210,SET OF 72 RETROSPOT PAPER  DOILIES,12,11/10/2011 16:51,1.45,16094.0,United Kingdom
C540393,85042,ANTIQUE LILY FAIRY LIGHTS,-1,1/6/2011 18:08,4.95,17428.0,United Kingdom
562717,22197,POPCORN HOLDER,8,8/8/2011 15:42,1.63,,United Kingdom
570229,23503,PLAYING CARDS KEEP CALM & CARRY ON,1,10/9/2011 13:30,1.25,15756.0,United Kingdom
577768,22543,MINI JIGSAW BAKE A CAKE ,1,11/21/2011 15:18,0.83,,United Kingdom
556890,23209,LUNCH BAG DOILEY PATTERN ,10,6/15/2011 12:48,1.65,17581.0,United Kingdom
542542,22728,ALARM CLOCK BAKELIKE PINK,4,1/28/2011 14:37,3.75,12431.0,Australia
552813,23047,PAPER LANTERN 5 POINT STUDDED STAR,2,5/11/2011 12:44,5.75,15079.0,United Kingdom
577690,84991,60 TEATIME FAIRY CAKE CASES,1,11/21/2011 11:34,0.55,12856.0,United Kingdom
558904,84507B,STRIPES DESIGN MONKEY DOLL,1,7/4/2011 16:18,4.96,,United Kingdom
575739,84031B,CHARLIE LOLA BLUE HOT WATER BOTTLE ,1,11/11/2011 9:05,4.13,,United Kingdom
557742,21084,SET/6 COLLAGE PAPER CUPS,24,6/22/2011 11:46,0.19,14911.0,EIRE
571850,23247,BISCUIT TIN 50'S CHRISTMAS,4,10/19/2011 12:54,2.89,14698.0,United Kingdom
573876,21704,BAG 250g SWIRLY MARBLES,2,11/1/2011 12:48,0.85,16360.0,United Kingdom
580730,22135,MINI LADLE LOVE HEART PINK,1,12/5/2011 17:28,0.83,,United Kingdom
550348,22584,PACK OF 6 PANNETONE GIFT BOXES,6,4/18/2011 9:38,2.55,16947.0,United Kingdom
538877,22077,6 RIBBONS RUSTIC CHARM,16,12/14/2010 15:29,4.21,,United Kingdom
542006,72741,GRAND CHOCOLATECANDLE,9,1/25/2011 11:20,1.45,15218.0,United Kingdom
565235,23297,SET 40 HEART SHAPE PETIT FOUR CASES,16,9/2/2011 9:43,1.65,13418.0,United Kingdom
566912,20829,GLITTER HANGING BUTTERFLY STRING,8,9/15/2011 14:05,2.1,14367.0,United Kingdom
573183,22998,TRAVEL CARD WALLET KEEP CALM,10,10/28/2011 11:33,0.42,15028.0,United Kingdom
576841,23252,VINTAGE RED ENAMEL TRIM JUG ,1,11/16/2011 15:26,3.75,17368.0,United Kingdom
557891,23129,HEART SHAPED HOLLY WREATH,4,6/23/2011 14:05,4.15,17652.0,United Kingdom
565927,22464,HANGING METAL HEART LANTERN,12,9/8/2011 10:08,1.65,,EIRE
558045,22993,SET OF 4 PANTRY JELLY MOULDS,12,6/24/2011 13:35,1.25,12615.0,France
576910,22212,FOUR HOOK  WHITE LOVEBIRDS,12,11/17/2011 9:51,2.1,12477.0,Germany
563920,21671,RED SPOT CERAMIC DRAWER KNOB,12,8/21/2011 14:00,1.25,16407.0,United Kingdom
575176,22962,JAM JAR WITH PINK LID,1,11/8/2011 18:29,1.63,,United Kingdom
564825,23188,VINTAGE  2 METER FOLDING RULER,3,8/30/2011 12:26,3.29,,United Kingdom
565856,21922,UNION STRIPE WITH FRINGE  HAMMOCK,1,9/7/2011 14:09,7.95,17345.0,United Kingdom
571508,22339,CHRISTMAS TREE PAINTED ZINC ,3,10/17/2011 15:27,0.63,,United Kingdom
549251,85194L,HANGING SPRING FLOWER EGG LARGE,4,4/7/2011 12:16,0.85,14449.0,United Kingdom
564300,23346,SPACEBOY BEAKER,4,8/24/2011 11:31,1.25,16723.0,United Kingdom
565434,17021,NAMASTE SWAGAT INCENSE,36,9/4/2011 13:35,0.3,12867.0,United Kingdom
574547,23219,LAUREL STAR ANTIQUE SILVER ,1,11/4/2011 15:08,1.25,17841.0,United Kingdom
538356,21730,GLASS STAR FROSTED T-LIGHT HOLDER,18,12/10/2010 15:56,4.25,14062.0,United Kingdom
548698,21977,PACK OF 60 PINK PAISLEY CAKE CASES,3,4/3/2011 10:55,0.55,18109.0,United Kingdom
568614,22952,60 CAKE CASES VINTAGE CHRISTMAS,24,9/28/2011 11:26,0.55,13515.0,United Kingdom
578118,22086,PAPER CHAIN KIT 50'S CHRISTMAS ,12,11/23/2011 10:08,2.95,12955.0,United Kingdom
578941,23263,SET OF 3 WOODEN HEART DECORATIONS,1,11/27/2011 13:26,1.25,16024.0,United Kingdom
565927,84843,WHITE SOAP RACK WITH 2 BOTTLES,4,9/8/2011 10:08,5.95,,EIRE
541995,20675,BLUE POLKADOT BOWL,8,1/25/2011 9:58,1.25,13158.0,United Kingdom
565234,84596B,SMALL DOLLY MIX DESIGN ORANGE BOWL,2,9/2/2011 9:38,0.83,,United Kingdom
556425,23298,SPOTTY BUNTING,1,6/10/2011 12:51,4.95,14178.0,United Kingdom
571270,21619,4 VANILLA BOTANICAL CANDLES,3,10/16/2011 12:09,1.25,12940.0,United Kingdom
538524,22567,20 DOLLY PEGS RETROSPOT,2,12/13/2010 9:35,2.51,,United Kingdom
575491,22438,BALLOON ART MAKE YOUR OWN FLOWERS,3,11/9/2011 17:47,1.95,15531.0,United Kingdom
544776,21082,SET/20 FRUIT SALAD PAPER NAPKINS ,1,2/23/2011 11:39,1.63,,United Kingdom
551997,21215,IVORY PAPER CUP CAKE CASES ,1,5/5/2011 15:47,1.25,,United Kingdom
547249,20719,WOODLAND CHARLOTTE BAG,1,3/22/2011 9:27,1.63,,United Kingdom
562928,22710,WRAP I LOVE LONDON ,25,8/10/2011 15:29,0.42,15494.0,United Kingdom
555644,84974,S/2 ZINC HEART DESIGN PLANTERS,4,6/6/2011 13:24,9.95,16520.0,United Kingdom
571705,23008,DOLLY GIRL BABY GIFT SET,2,10/18/2011 15:22,16.95,12360.0,Austria
551718,84877A,PINK ROUND COMPACT MIRROR,1,5/3/2011 16:06,3.29,,United Kingdom
581217,23552,BICYCLE PUNCTURE REPAIR KIT ,6,12/8/2011 9:20,4.13,,United Kingdom
547555,22466,FAIRY TALE COTTAGE NIGHTLIGHT,12,3/23/2011 16:35,1.95,14075.0,United Kingdom
575742,23292,SPACEBOY CHILDRENS CUP,8,11/11/2011 9:46,1.25,14309.0,United Kingdom
551056,21523,DOORMAT FANCY FONT HOME SWEET HOME,1,4/26/2011 11:51,7.95,16442.0,United Kingdom
560537,22469,HEART OF WICKER SMALL,6,7/19/2011 12:19,1.65,17779.0,United Kingdom
543816,22953,BIRTHDAY PARTY CORDON BARRIER TAPE,3,2/13/2011 15:26,1.25,17841.0,United Kingdom
538146,21239,PINK  POLKADOT CUP,8,12/9/2010 16:10,0.85,15596.0,United Kingdom
540551,22166,WALL MIRROR RECTANGLE DIAMANTE PINK,1,1/10/2011 9:43,7.62,,United Kingdom
578844,22616,PACK OF 12 LONDON TISSUES ,4,11/25/2011 16:14,0.83,,United Kingdom
561887,21845,DAIRY MAID STRIPE MUG,72,7/31/2011 13:33,0.79,14414.0,United Kingdom
C552995,M,Manual,-1350,5/12/2011 15:19,0.16,18133.0,United Kingdom
537685,22585,PACK OF 6 BIRDY GIFT TAGS,6,12/8/2010 10:21,1.25,18077.0,United Kingdom
578264,22686,FRENCH BLUE METAL DOOR SIGN No,2,11/23/2011 13:27,1.25,12748.0,United Kingdom
561209,84536B,FAIRY CAKES NOTEBOOK A7 SIZE,1,7/25/2011 16:57,0.42,,United Kingdom
540984,72807A,SET/3 ROSE CANDLE IN JEWELLED BOX,2,1/12/2011 15:44,4.25,14167.0,United Kingdom
564646,22327,ROUND SNACK BOXES SET OF 4 SKULLS,1,8/26/2011 13:39,6.63,,United Kingdom
536566,22805,BLUE DRAWER KNOB ACRYLIC EDWARDIAN,9,12/1/2010 15:21,1.25,16928.0,United Kingdom
553189,21908,CHOCOLATE THIS WAY METAL SIGN,1,5/15/2011 13:14,2.1,15033.0,United Kingdom
571105,21744,SNOWFLAKE PORTABLE TABLE LIGHT ,2,10/13/2011 16:01,2.95,17614.0,United Kingdom
571702,85150,LADIES & GENTLEMEN METAL SIGN,6,10/18/2011 15:06,2.55,14639.0,United Kingdom
541138,84997C,BLUE 3 PIECE POLKADOT CUTLERY SET,6,1/14/2011 10:42,3.75,12553.0,France
553199,85175,CACTI T-LIGHT CANDLES,16,5/15/2011 15:13,0.42,17758.0,United Kingdom
559034,23256,CHILDRENS CUTLERY SPACEBOY ,4,7/5/2011 14:56,4.15,13109.0,United Kingdom
553369,23092,LARGE ANTIQUE WHITE PHOTO FRAME,4,5/16/2011 14:30,7.9,15044.0,United Kingdom
571932,21731,RED TOADSTOOL LED NIGHT LIGHT,1,10/19/2011 17:21,1.65,,United Kingdom
576617,20676,RED RETROSPOT BOWL,2,11/15/2011 16:57,2.46,,United Kingdom
558731,22079,RIBBON REEL HEARTS DESIGN ,10,7/1/2011 14:53,1.65,13285.0,United Kingdom
538630,22077,6 RIBBONS RUSTIC CHARM,12,12/13/2010 13:25,1.65,14565.0,United Kingdom
543255,21165,BEWARE OF THE CAT METAL SIGN ,12,2/4/2011 15:43,1.69,13050.0,United Kingdom
575983,21035,SET/2 RED RETROSPOT TEA TOWELS ,1,11/13/2011 13:45,3.25,13379.0,United Kingdom
556491,22384,LUNCH BAG PINK POLKADOT,4,6/12/2011 14:15,1.65,16794.0,United Kingdom
566203,23035,DRAWER KNOB CERAMIC IVORY,1,9/9/2011 14:47,1.45,16362.0,United Kingdom
548191,21561,DINOSAUR LUNCH BOX WITH CUTLERY,1,3/29/2011 15:20,4.96,,United Kingdom
541523,21528,DAIRY MAID TRADITIONAL TEAPOT ,3,1/19/2011 10:09,6.95,17708.0,United Kingdom
538071,22312,OFFICE MUG WARMER POLKADOT,1,12/9/2010 14:09,5.91,,United Kingdom
559338,22494,EMERGENCY FIRST AID TIN ,2,7/7/2011 16:30,2.46,,United Kingdom
580611,23103,JINGLE BELL HEART DECORATION,1,12/5/2011 11:49,1.65,12748.0,United Kingdom
548710,22570,FELTCRAFT CUSHION RABBIT,4,4/3/2011 13:24,3.75,16678.0,United Kingdom
563248,84978,HANGING HEART JAR T-LIGHT HOLDER,6,8/15/2011 11:30,1.25,14702.0,United Kingdom
550655,84870C,GREEN GEISHA GIRL ,2,4/19/2011 17:19,3.75,17217.0,United Kingdom
545333,21871,SAVE THE PLANET MUG,1,3/1/2011 16:22,3.29,,United Kingdom
C550177,20726,LUNCH BAG WOODLAND,-2,4/14/2011 17:17,1.65,13534.0,United Kingdom
537400,85123A,WHITE HANGING HEART T-LIGHT HOLDER,6,12/6/2010 14:36,2.95,17191.0,United Kingdom
561794,21929,JUMBO BAG PINK VINTAGE PAISLEY,10,7/29/2011 13:11,2.08,12921.0,United Kingdom
C576324,22141,CHRISTMAS CRAFT TREE TOP ANGEL,-1,11/14/2011 15:10,2.1,16161.0,United Kingdom
561926,23227,FILIGREE HEART BUTTERFLY WHITE ,24,8/1/2011 12:48,1.25,12749.0,United Kingdom
571668,23359,SET OF 12 T-LIGHTS VINTAGE DOILY,12,10/18/2011 13:10,1.95,16515.0,United Kingdom
575724,22112,CHOCOLATE HOT WATER BOTTLE,48,11/10/2011 18:37,4.25,14608.0,United Kingdom
549155,21213,PACK OF 72 SKULL CAKE CASES,2,4/6/2011 17:08,1.25,,United Kingdom
570180,22749,FELTCRAFT PRINCESS CHARLOTTE DOLL,4,10/7/2011 14:28,3.75,17509.0,United Kingdom
541104,21929,JUMBO BAG PINK VINTAGE PAISLEY,1,1/13/2011 14:29,4.13,,United Kingdom
541516,21259,VICTORIAN SEWING BOX SMALL ,1,1/18/2011 17:34,12.46,,United Kingdom
571669,22112,CHOCOLATE HOT WATER BOTTLE,2,10/18/2011 13:11,4.95,17758.0,United Kingdom
540821,22090,PAPER BUNTING RETROSPOT,1,1/11/2011 13:16,5.91,,United Kingdom
555722,20846,ZINC HEART LATTICE T-LIGHT HOLDER,1,6/6/2011 16:06,2.46,,United Kingdom
540163,22132,RED LOVE HEART SHAPE CUP,24,1/5/2011 11:52,0.85,13089.0,United Kingdom
569137,23229,VINTAGE DONKEY TAIL GAME ,1,9/30/2011 14:45,7.46,,United Kingdom
549743,22721,SET OF 3 CAKE TINS SKETCHBOOK,3,4/12/2011 10:05,4.95,16186.0,United Kingdom
547880,21975,PACK OF 60 DINOSAUR CAKE CASES,2,3/27/2011 16:05,0.55,15426.0,United Kingdom
581356,22692,DOORMAT WELCOME TO OUR HOME,2,12/8/2011 12:28,8.25,17830.0,United Kingdom
547860,22560,TRADITIONAL MODELLING CLAY,3,3/27/2011 12:21,1.25,17625.0,United Kingdom
540255,85034B,3 WHITE CHOC MORRIS BOXED CANDLES,1,1/5/2011 16:50,3.36,,United Kingdom
544462,22442,GROW YOUR OWN FLOWERS SET OF 3,2,2/20/2011 14:21,7.95,17050.0,United Kingdom
570218,22767,TRIPLE PHOTO FRAME CORNICE ,2,10/9/2011 12:20,9.95,16873.0,United Kingdom
550327,23254,CHILDRENS CUTLERY DOLLY GIRL ,4,4/17/2011 13:07,4.15,12878.0,United Kingdom
541370,22111,SCOTTIE DOG HOT WATER BOTTLE,3,1/17/2011 14:51,4.95,18179.0,United Kingdom
579512,22144,CHRISTMAS CRAFT LITTLE FRIENDS,3,11/29/2011 16:47,4.13,,United Kingdom
556195,23199,JUMBO BAG APPLES,10,6/9/2011 12:21,2.08,16745.0,United Kingdom
539735,21918,SET 12 KIDS COLOUR  CHALK STICKS,1,12/21/2010 15:17,0.81,,United Kingdom
559660,23168,CLASSIC CAFE SUGAR DISPENSER,64,7/11/2011 13:19,1.04,16701.0,United Kingdom
540098,21977,PACK OF 60 PINK PAISLEY CAKE CASES,1,1/4/2011 15:50,0.55,16241.0,United Kingdom
572964,22175,PINK OWL SOFT TOY,6,10/27/2011 10:41,2.95,12630.0,Finland
541434,C2,CARRIAGE,1,1/18/2011 10:22,50.0,14911.0,EIRE
568101,22950,36 DOILIES VINTAGE CHRISTMAS,24,9/23/2011 15:21,1.45,15978.0,United Kingdom
567671,21801,CHRISTMAS TREE DECORATION WITH BELL,4,9/21/2011 15:34,0.42,,United Kingdom
